员工ID,姓名,拼音姓名,性别,部门,职位,入职日期,员工类型,电话,邮箱
e7f88e1f,陈桂香,CHÉNGUÌXIĀNG,男,数据科学部,研究员,2025-02-27,正式员工,13898769254,tangjing@example.org
443ed576,蔡飞,CÀIFĒI,男,临床研究部,实验室技术员,2025-03-20,正式员工,18795123888,qiangxiong@example.com
37a734be,薛雪,XUĒXUĚ,男,研发部,质量控制专员,2024-12-24,正式员工,13985857912,weixiuying@example.org
f7a4cc21,张想,ZHĀNGXIǍNG,女,研发部,研究员,2025-02-06,正式员工,13462292396,ping05@example.com
047eb605,马凤英,MǍFÈNGYĪNG,男,临床研究部,实验室技术员,2025-01-21,正式员工,13278924359,zhengfang@example.net
a87d34d7,范丽娟,FÀNLÌJUĀN,男,临床研究部,质量控制专员,2024-10-14,正式员工,13814358773,xia59@example.org
87b1fdd9,许佳,XǓJIĀ,女,质量保证部,实验室技术员,2025-01-25,正式员工,13299993818,qiang47@example.com
a636a97e,姜兵,JIĀNGBĪNG,女,临床研究部,研究员,2024-08-05,正式员工,14767772478,guiyingpan@example.com
70621ba5,孙柳,SŪNLIǓ,女,数据科学部,数据分析师,2025-04-25,正式员工,14719445288,dongjun@example.net
8bbc86d6,苏英,SŪYĪNG,男,数据科学部,实验室技术员,2025-02-18,正式员工,15690688208,guiying07@example.org
14bb968c,阮晶,RUǍNJĪNG,男,质量保证部,研究员,2025-04-17,正式员工,18250075449,ping95@example.com
d6a87fcb,唐亮,TÁNGLIÀNG,男,数据科学部,数据分析师,2024-11-05,正式员工,18052978962,jmo@example.net
d2191d22,张林,ZHĀNGLÍN,女,质量保证部,研究员,2025-02-27,正式员工,18733244652,jinglin@example.com
9e38b4b5,梁文,LIÁNGWÉN,男,研发部,项目经理,2024-07-09,正式员工,13011164386,li69@example.net
f29e4f77,韩秀华,HÁNXIÙHUÁ,女,数据科学部,质量控制专员,2024-09-22,正式员工,13748497908,msun@example.com
da33b6d2,杨建,YÁNGJIÀN,男,研发部,研究员,2025-04-16,正式员工,13688621827,uzhu@example.net
bc9f921e,吕建国,LǙJIÀNGUÓ,男,研发部,数据分析师,2025-03-23,正式员工,13980264236,guoli@example.org
8baa68a9,陈桂荣,CHÉNGUÌRÓNG,男,质量保证部,研究员,2025-04-25,正式员工,13303847303,mhan@example.net
1742a846,李志强,LǏZHÌQIÁNG,女,数据科学部,项目经理,2024-06-10,正式员工,15586287009,flu@example.com
64825f4c,方建平,FĀNGJIÀNPÍNG,男,数据科学部,数据分析师,2025-02-09,正式员工,13233088888,qiangtao@example.org
4566e06e,周建华,ZHŌUJIÀNHUÁ,男,研发部,数据分析师,2024-06-16,正式员工,18915317648,vxie@example.org
c9bb595f,任宇,RÈNYǓ,男,临床研究部,质量控制专员,2025-03-19,正式员工,15554908604,majing@example.com
ffc5f42d,阎建,YÁNJIÀN,男,质量保证部,项目经理,2025-04-21,正式员工,18947592025,gsu@example.org
3f862501,苟芳,GǑUFĀNG,女,临床研究部,质量控制专员,2024-09-09,正式员工,14575247530,yansong@example.net
d2bec1b6,徐冬梅,XÚDŌNGMÉI,女,临床研究部,研究员,2025-02-11,正式员工,13247488634,xiafang@example.net
385b1c43,姚璐,YÁOLÙ,男,质量保证部,数据分析师,2025-04-17,正式员工,13806794103,gangdong@example.org
4c9bd602,杨雷,YÁNGLÉI,女,临床研究部,研究员,2025-03-29,正式员工,15570419564,wcai@example.com
8a1d7a5c,刘军,LIÚJŪN,女,质量保证部,实验室技术员,2025-03-13,正式员工,18574181445,jinghe@example.org
ae08ef07,熊婷,XIÓNGTÍNG,女,临床研究部,项目经理,2025-03-28,正式员工,18156543585,upeng@example.com
7bd1bf4a,褚龙,CHǓLÓNG,女,临床研究部,实验室技术员,2025-04-27,正式员工,14736980076,nshi@example.net
9ed4c9c5,陈刚,CHÉNGĀNG,女,质量保证部,质量控制专员,2024-08-15,正式员工,18046499171,izhang@example.com
b041fe8f,程波,CHÉNGBŌ,女,临床研究部,数据分析师,2025-04-08,正式员工,15165363958,xiangguiying@example.net
c9fb0204,顾红,GÙHÓNG,男,质量保证部,质量控制专员,2025-02-02,正式员工,18879402758,eshen@example.org
47058f20,张坤,ZHĀNGKŪN,男,研发部,研究员,2024-10-28,正式员工,18001167395,yongtan@example.com
241103ec,唐梅,TÁNGMÉI,男,质量保证部,实验室技术员,2025-04-02,正式员工,18045208663,qiang38@example.org
703cd388,何佳,HÉJIĀ,男,质量保证部,项目经理,2025-04-13,正式员工,15350931859,tianyong@example.org
f8c39336,曹明,CÁOMÍNG,女,数据科学部,质量控制专员,2025-04-21,正式员工,13901431660,vwei@example.com
2d99c969,刘红,LIÚHÓNG,男,数据科学部,研究员,2024-10-05,正式员工,18846369063,taosu@example.org
fde6d35a,何东,HÉDŌNG,女,数据科学部,研究员,2025-04-23,正式员工,18821892586,juan35@example.org
a8bf95dd,薛桂芳,XUĒGUÌFĀNG,女,质量保证部,实验室技术员,2025-04-13,正式员工,18824490976,taotan@example.org
b8579416,邢玉华,XÍNGYÙHUÁ,男,临床研究部,数据分析师,2024-08-12,正式员工,18535678795,min56@example.org
9a803eab,陈莉,CHÉNLÌ,男,临床研究部,数据分析师,2024-11-04,正式员工,13958741783,qiang03@example.org
4692c2a7,卓秀华,ZHUŌXIÙHUÁ,男,临床研究部,数据分析师,2025-02-14,正式员工,13947407891,tao28@example.net
5f7517fd,张霞,ZHĀNGXIÁ,男,数据科学部,质量控制专员,2025-04-14,正式员工,15391141945,wkong@example.org
6684a202,邹娟,ZŌUJUĀN,女,研发部,研究员,2024-11-12,正式员工,18617856514,bmo@example.org
3221df26,刘瑞,LIÚRUÌ,女,临床研究部,数据分析师,2025-03-29,正式员工,13567734165,hzhong@example.net
c54051cd,金琴,JĪNQÍN,男,研发部,实验室技术员,2025-03-04,正式员工,13931830895,jiezeng@example.net
9b22f6ef,刘帆,LIÚFĀN,男,研发部,项目经理,2025-02-27,正式员工,13397944444,taona@example.org
e33093cf,杨小红,YÁNGXIǍOHÓNG,男,质量保证部,实验室技术员,2025-01-01,正式员工,15777784125,junqin@example.com
4122956e,沈娜,SHĚNNUÓ,男,质量保证部,数据分析师,2025-02-27,正式员工,18158125846,iliang@example.net
939813b9,房林,FÁNGLÍN,男,临床研究部,质量控制专员,2025-01-11,正式员工,18618129883,xuna@example.com
e28368ae,马宁,MǍNÍNG,女,数据科学部,项目经理,2024-10-16,正式员工,15711346930,leifu@example.org
13352f79,莫建平,MÒJIÀNPÍNG,女,质量保证部,质量控制专员,2025-02-19,正式员工,13367896690,cuiqiang@example.org
7891a8d9,贾建军,JIǍJIÀNJŪN,男,临床研究部,实验室技术员,2025-04-26,正式员工,18206888961,guiying85@example.net
1d071fd9,李海燕,LǏHǍIYÀN,男,研发部,数据分析师,2025-02-21,正式员工,13561468217,qiangzhao@example.com
0cf08914,王桂荣,WÁNGGUÌRÓNG,男,临床研究部,质量控制专员,2025-02-09,正式员工,14716819642,ftao@example.com
576916c9,黄柳,HUÁNGLIǓ,男,研发部,研究员,2024-08-24,正式员工,13528368487,cdai@example.org
d99f5507,李玉兰,LǏYÙLÁN,男,研发部,研究员,2025-04-23,正式员工,18662459832,zhongchao@example.net
84d6d9f7,赵梅,ZHÀOMÉI,女,临床研究部,研究员,2025-04-21,正式员工,13998492271,yanyu@example.com
4de7ac5d,罗瑞,LUŌRUÌ,女,临床研究部,项目经理,2025-03-23,正式员工,15212091358,hliu@example.com
9cdca20b,刘凯,LIÚKǍI,男,质量保证部,质量控制专员,2025-04-15,正式员工,18004543036,sma@example.net
2af0ed17,舒旭,SHŪXÙ,男,质量保证部,项目经理,2025-03-20,正式员工,18049689452,zhengping@example.net
4293e41e,王玲,WÁNGLÍNG,男,研发部,研究员,2025-03-06,正式员工,15029127328,wentao@example.com
13e31619,龚欣,GŌNGXĪN,女,质量保证部,数据分析师,2025-04-13,正式员工,18644635678,min32@example.net
d5d34ed3,王超,WÁNGCHĀO,女,研发部,项目经理,2025-04-18,正式员工,13528464324,kangxia@example.org
a64cb8fb,杨霞,YÁNGXIÁ,男,质量保证部,研究员,2025-04-09,正式员工,18077061316,daiming@example.net
f90e5b74,袁帅,YUÁNSHUÀI,女,临床研究部,研究员,2024-11-13,正式员工,13195943075,wanggang@example.org
162e7c1a,申云,SHĒNYÚN,男,质量保证部,实验室技术员,2024-06-29,正式员工,13763342147,juan48@example.org
68692a83,刘建平,LIÚJIÀNPÍNG,男,临床研究部,项目经理,2024-12-28,正式员工,15319814461,mxie@example.com
b5c1d30e,梅超,MÉICHĀO,女,临床研究部,项目经理,2024-12-02,正式员工,18064946216,tao54@example.net
8444e08b,杨桂珍,YÁNGGUÌZHĒN,男,研发部,项目经理,2025-02-18,正式员工,13379286136,zengjing@example.net
b7e1cfe0,梁彬,LIÁNGBĪN,男,研发部,质量控制专员,2024-09-17,正式员工,13648424804,bbai@example.org
7c2e304c,石敏,SHÍMǏN,男,临床研究部,实验室技术员,2025-04-21,正式员工,13690816472,yan75@example.org
620f311a,张红霞,ZHĀNGHÓNGXIÁ,女,质量保证部,项目经理,2024-09-22,正式员工,18549980652,ping97@example.com
a0b8a01d,宋佳,SÒNGJIĀ,男,研发部,项目经理,2024-12-19,正式员工,14501574076,guna@example.org
71f40927,唐建,TÁNGJIÀN,男,临床研究部,质量控制专员,2025-02-16,实习生,15747263270,ksun@example.net
541418f1,刘丹,LIÚDĀN,女,质量保证部,质量控制专员,2025-01-07,实习生,15253559770,junhuang@example.org
dd33ca27,单浩,DĀNHÀO,女,数据科学部,实验室技术员,2024-09-09,实习生,15341015453,jie47@example.org
97ecd510,王辉,WÁNGHUĪ,男,临床研究部,数据分析师,2025-04-03,实习生,13768969096,rhe@example.org
2961b16f,易想,YÌXIǍNG,男,临床研究部,研究员,2024-12-02,合同制员工,15048148675,liaojie@example.net
91db47fe,王华,WÁNGHUÁ,女,临床研究部,项目经理,2025-04-06,实习生,18530292791,guiyingpan@example.org
aeb5aee5,陈晨,CHÉNCHÉN,女,数据科学部,质量控制专员,2024-11-12,实习生,15303614184,guiyingzheng@example.net
d6c003e2,魏宇,WÈIYǓ,女,研发部,实验室技术员,2024-07-29,合同制员工,13820246878,hcui@example.com
6206e47b,韩金凤,HÁNJĪNFÈNG,男,临床研究部,实验室技术员,2025-03-26,实习生,13056105065,minzhou@example.org
e03c9e0a,王利,WÁNGLÌ,女,临床研究部,实验室技术员,2025-04-23,合同制员工,13264072065,wangang@example.net
2c97867d,赵秀英,ZHÀOXIÙYĪNG,男,质量保证部,实验室技术员,2025-04-09,实习生,15082125149,kzhu@example.org
591f7ea9,董桂荣,DǑNGGUÌRÓNG,男,研发部,项目经理,2025-03-16,合同制员工,15223312465,xiulan82@example.com
66b93b4a,梁云,LIÁNGYÚN,女,质量保证部,研究员,2024-12-05,合同制员工,13844597867,wei75@example.com
9ba5b748,刘帅,LIÚSHUÀI,女,研发部,质量控制专员,2025-03-19,实习生,13312679584,mqin@example.com
d5dedec1,冯婷婷,FÉNGTÍNGTÍNG,男,研发部,质量控制专员,2025-04-21,合同制员工,14711709894,ming28@example.org
abe1308d,刘楠,LIÚNÁN,男,质量保证部,数据分析师,2025-04-17,实习生,18188787592,xgao@example.net
87b549a0,杨畅,YÁNGCHÀNG,男,质量保证部,质量控制专员,2025-04-20,实习生,13303882665,yinli@example.com
e029b759,谭佳,TÁNJIĀ,男,数据科学部,质量控制专员,2025-01-23,实习生,18677509605,yan41@example.com
b3551dae,何勇,HÉYǑNG,女,研发部,项目经理,2024-08-22,实习生,13912717229,leizhang@example.org
23e8fc5d,孙磊,SŪNLĚI,女,研发部,研究员,2025-02-11,实习生,15224118767,zxiao@example.com
0605e5e4,韩桂芝,HÁNGUÌZHĪ,男,研发部,项目经理,2024-08-30,实习生,18778884405,juan98@example.org
1dd24783,王鹏,WÁNGPÉNG,男,研发部,项目经理,2025-03-18,实习生,13503857461,rliang@example.org
2b97d67c,徐东,XÚDŌNG,女,临床研究部,实验室技术员,2025-03-10,合同制员工,14713393938,gaogang@example.org
a1be8491,周鹏,ZHŌUPÉNG,女,质量保证部,质量控制专员,2025-01-09,实习生,18974231975,echeng@example.com
a9f8f2da,温建军,WĒNJIÀNJŪN,男,质量保证部,质量控制专员,2024-07-28,实习生,18808838959,szhang@example.com
ee0dcd0d,欧斌,ŌUBĪN,男,数据科学部,数据分析师,2025-04-11,合同制员工,15111275764,xiulan28@example.com
4deea046,黄凯,HUÁNGKǍI,男,临床研究部,实验室技术员,2025-01-01,实习生,13389605096,tianfang@example.net
1b65cc13,刘桂芝,LIÚGUÌZHĪ,女,临床研究部,研究员,2024-12-21,实习生,13257953028,ming38@example.org
a78e216f,张小红,ZHĀNGXIǍOHÓNG,男,临床研究部,研究员,2025-04-11,合同制员工,18057483560,guiying61@example.com
cdd36874,孙雷,SŪNLÉI,男,研发部,质量控制专员,2024-12-11,实习生,13375509295,lishi@example.net
fdc151e8,赵桂英,ZHÀOGUÌYĪNG,女,质量保证部,研究员,2025-03-19,实习生,13583350882,qiang68@example.org
1533330e,杨帆,YÁNGFĀN,男,临床研究部,质量控制专员,2025-03-19,实习生,15946841297,leizhong@example.com
c07b013c,王勇,WÁNGYǑNG,男,临床研究部,实验室技术员,2024-06-19,实习生,18776256228,sunjuan@example.net
2862ed84,徐东,XÚDŌNG,女,临床研究部,数据分析师,2024-12-06,合同制员工,14519985968,xiuying54@example.org
755dfdc9,郭超,GUŌCHĀO,男,临床研究部,项目经理,2025-03-18,实习生,13555112099,wangguiying@example.net
479bafd8,周桂荣,ZHŌUGUÌRÓNG,男,数据科学部,项目经理,2025-03-11,实习生,18861439321,qiangtao@example.net
372ff2f0,刘柳,LIÚLIǓ,女,研发部,实验室技术员,2025-02-26,实习生,13007229093,mwang@example.net
3d454c16,潘建,PĀNJIÀN,女,研发部,项目经理,2024-09-07,实习生,18515100393,chaolai@example.org
00426bf5,胡丽华,HÚLÌHUÁ,女,质量保证部,质量控制专员,2025-04-12,实习生,13137345864,jzhou@example.net
fb0d6c04,刘楠,LIÚNÁN,女,质量保证部,项目经理,2025-04-27,合同制员工,18106495323,bhe@example.org
2076c7ca,王磊,WÁNGLĚI,女,数据科学部,实验室技术员,2025-03-26,合同制员工,15732207994,zchang@example.org
390560ba,吕丽丽,LǙLÌLÌ,男,数据科学部,研究员,2025-01-24,合同制员工,13080045588,yaogang@example.org
7ca92432,王雪,WÁNGXUĚ,女,质量保证部,质量控制专员,2024-07-18,合同制员工,15592240227,xiongli@example.net
7b49faf5,陈瑞,CHÉNRUÌ,女,研发部,研究员,2025-02-24,实习生,13375304118,gongjie@example.org
caae5443,张宇,ZHĀNGYǓ,女,数据科学部,研究员,2024-11-19,合同制员工,13290509680,chao78@example.net
532037de,郑英,ZHÈNGYĪNG,女,质量保证部,研究员,2024-08-18,实习生,18998058631,gang63@example.com
073b6801,潘欢,PĀNHUĀN,男,研发部,项目经理,2025-04-05,实习生,13671867182,jun75@example.com
be5ba8e1,陈英,CHÉNYĪNG,男,临床研究部,质量控制专员,2024-07-22,合同制员工,15552289474,tye@example.net
3abce60b,权雪梅,QUÁNXUĚMÉI,女,质量保证部,质量控制专员,2025-04-13,实习生,13550461213,ligao@example.com
16cabf74,娄雷,LÓULÉI,男,研发部,数据分析师,2025-01-07,实习生,18789742075,juanduan@example.com
7d5bb6ac,高海燕,GĀOHǍIYÀN,女,研发部,实验室技术员,2025-02-11,合同制员工,13576703181,dengtao@example.org
80c028b2,李刚,LǏGĀNG,男,质量保证部,实验室技术员,2024-11-13,实习生,13110876566,cpan@example.net
47b4731c,刘鹏,LIÚPÉNG,男,临床研究部,项目经理,2025-02-02,合同制员工,15566049451,chao40@example.org
47c1b79e,刘辉,LIÚHUĪ,男,数据科学部,实验室技术员,2025-03-23,实习生,18782545342,fengping@example.org
ee78321e,朱洁,ZHŪJÍ,女,临床研究部,质量控制专员,2025-01-08,合同制员工,13786430253,tyao@example.org
7cc7fd0d,孙秀华,SŪNXIÙHUÁ,男,数据科学部,项目经理,2025-04-21,实习生,13006784314,min63@example.org
6bc75d95,蒋帆,JIǍNGFĀN,男,研发部,项目经理,2024-12-12,实习生,13043140826,haoli@example.net
e8fe00f6,唐玉华,TÁNGYÙHUÁ,男,研发部,质量控制专员,2025-04-15,合同制员工,15397132818,jie36@example.com
07e191fe,卢峰,LÚFĒNG,女,临床研究部,研究员,2025-03-14,实习生,13717817008,xiuying75@example.com
aaeaaf5e,王秀英,WÁNGXIÙYĪNG,男,质量保证部,数据分析师,2025-04-23,实习生,13194763063,nlin@example.com
5a7a3bd1,欧桂兰,ŌUGUÌLÁN,男,质量保证部,质量控制专员,2025-04-06,实习生,15519693693,wei67@example.net
7440376b,段凤英,DUÀNFÈNGYĪNG,男,研发部,研究员,2024-09-12,实习生,14573534280,liaofang@example.org
50d9ed9d,林勇,LÍNYǑNG,女,研发部,研究员,2025-04-20,合同制员工,18265351984,yzhang@example.net
252cb4d7,谢峰,XIÈFĒNG,男,数据科学部,研究员,2025-04-26,实习生,15837080843,vren@example.net
8681b549,钟刚,ZHŌNGGĀNG,女,数据科学部,实验室技术员,2024-07-31,合同制员工,15894297100,xiuying58@example.org
50de15a5,张秀芳,ZHĀNGXIÙFĀNG,女,数据科学部,质量控制专员,2024-09-14,合同制员工,18067591278,xiuyingmo@example.org
c11d5f50,赵辉,ZHÀOHUĪ,男,临床研究部,数据分析师,2025-04-23,合同制员工,13232921916,ryu@example.net
706e2691,陈欢,CHÉNHUĀN,男,临床研究部,数据分析师,2025-04-06,实习生,13189996399,linfang@example.net
8fd974da,谭秀珍,TÁNXIÙZHĒN,男,数据科学部,实验室技术员,2024-11-24,合同制员工,15676545338,jingcao@example.org
1ba85d9a,李金凤,LǏJĪNFÈNG,女,研发部,研究员,2024-12-13,合同制员工,18675790381,yiming@example.com
7587f96e,高淑珍,GĀOSHÚZHĒN,男,数据科学部,质量控制专员,2025-03-12,实习生,15385862407,yongdeng@example.net
472c0a97,邓龙,DÈNGLÓNG,女,研发部,项目经理,2024-08-24,实习生,18293675894,bchen@example.net
d71b7142,吴桂荣,WÚGUÌRÓNG,男,研发部,数据分析师,2025-04-14,实习生,15041174318,tao81@example.org
c61c4441,徐玉,XÚYÙ,男,研发部,项目经理,2025-01-28,合同制员工,13199247696,yan29@example.org
87df25b4,莫斌,MÒBĪN,女,临床研究部,研究员,2024-10-08,合同制员工,15528013076,fdai@example.org
1e1ebf84,罗建华,LUŌJIÀNHUÁ,男,临床研究部,研究员,2025-03-30,合同制员工,15353303460,jxie@example.com
7b7a0aa8,娄杰,LÓUJIÉ,男,数据科学部,研究员,2025-03-13,实习生,18923983338,thuang@example.com
a51d92b8,姚芳,YÁOFĀNG,女,质量保证部,实验室技术员,2025-04-17,合同制员工,15208702977,qyao@example.com
a0cb39ca,王梅,WÁNGMÉI,男,质量保证部,实验室技术员,2024-11-25,合同制员工,15955632020,shiguiying@example.org
d186a930,李华,LǏHUÁ,男,临床研究部,项目经理,2025-04-19,实习生,13612641048,wangna@example.org
adcb3027,王淑英,WÁNGSHÚYĪNG,男,数据科学部,研究员,2025-04-27,实习生,13132012568,xgu@example.net
21e56bad,杨凤英,YÁNGFÈNGYĪNG,女,数据科学部,研究员,2025-04-20,实习生,18987175372,qinguiying@example.net
12c956c2,周秀英,ZHŌUXIÙYĪNG,男,研发部,项目经理,2024-12-04,实习生,18033799307,yang73@example.org
c00b8b21,高丽,GĀOLÌ,女,临床研究部,研究员,2025-03-26,合同制员工,15755493251,tyu@example.com
514a52e6,杨飞,YÁNGFĒI,女,研发部,研究员,2025-03-07,实习生,13233553328,juancai@example.org
6f43f37d,唐帆,TÁNGFĀN,女,数据科学部,数据分析师,2025-02-05,合同制员工,15722456491,yanlei@example.org
36cc50c1,王瑜,WÁNGYÚ,女,研发部,项目经理,2025-04-21,实习生,14773814346,xiuying77@example.net
286243e8,陈兰英,CHÉNLÁNYĪNG,女,研发部,数据分析师,2025-03-16,合同制员工,15353202845,zenglei@example.com
963eee6e,邹静,ZŌUJÌNG,女,质量保证部,质量控制专员,2025-02-12,实习生,15876398820,yong02@example.org
4dcf0b92,董伟,DǑNGWĚI,男,临床研究部,项目经理,2025-02-26,实习生,14501679359,guiyingzheng@example.net
67a78cba,刘欣,LIÚXĪN,男,数据科学部,数据分析师,2025-04-08,合同制员工,13198203507,junzhou@example.org
0e453b27,胡勇,HÚYǑNG,男,临床研究部,数据分析师,2025-04-13,合同制员工,15916953067,yujuan@example.com
fdbc6bcb,黄洁,HUÁNGJÍ,女,临床研究部,实验室技术员,2025-03-23,合同制员工,18151611307,yangyan@example.org
d0e2ec10,张莉,ZHĀNGLÌ,女,质量保证部,数据分析师,2025-02-22,实习生,18044980605,guoming@example.net
aa80757e,陈丽华,CHÉNLÌHUÁ,女,研发部,质量控制专员,2025-02-10,实习生,13139523326,huxia@example.com
4f890eca,钟龙,ZHŌNGLÓNG,女,数据科学部,数据分析师,2025-04-24,实习生,15266692643,dxiang@example.org
f0210da7,侯波,HÓUBŌ,男,质量保证部,研究员,2025-04-27,实习生,13060150132,gqin@example.net
ed1637b9,郭金凤,GUŌJĪNFÈNG,女,临床研究部,项目经理,2025-03-07,合同制员工,13812708692,pingye@example.org
4202d7ee,秦建军,QÍNJIÀNJŪN,男,质量保证部,实验室技术员,2024-09-19,实习生,14786937847,pingli@example.net
084936a4,陈小红,CHÉNXIǍOHÓNG,男,研发部,实验室技术员,2024-12-04,实习生,13826416034,hzhou@example.com
2e06185a,卢玉兰,LÚYÙLÁN,男,研发部,实验室技术员,2025-01-29,实习生,13956750429,yong98@example.org
7b13888e,陈鹏,CHÉNPÉNG,男,临床研究部,质量控制专员,2025-04-27,合同制员工,18601731818,jie90@example.com
d2601629,高桂芝,GĀOGUÌZHĪ,女,质量保证部,项目经理,2025-03-25,实习生,18091777701,icui@example.net
a54428ab,徐利,XÚLÌ,女,质量保证部,研究员,2024-12-13,实习生,15229279883,ping43@example.net
28c27724,李雷,LǏLÉI,女,研发部,质量控制专员,2025-04-10,实习生,18933766105,xiuyingqiu@example.net
7601196d,黄丽,HUÁNGLÌ,男,数据科学部,研究员,2025-04-19,合同制员工,15068998696,chaoqian@example.org
4930ba18,卢淑英,LÚSHÚYĪNG,男,临床研究部,项目经理,2025-03-23,实习生,18730715175,lei51@example.org
4f945e6f,计云,JÌYÚN,女,质量保证部,项目经理,2024-12-18,合同制员工,13115530026,xiuying74@example.com
927003dc,吕凯,LǙKǍI,男,数据科学部,实验室技术员,2024-12-25,合同制员工,15017848268,yxiao@example.com
990c5025,宋斌,SÒNGBĪN,男,研发部,质量控制专员,2024-12-01,合同制员工,18035788694,jing58@example.com
06bb34a0,张金凤,ZHĀNGJĪNFÈNG,男,数据科学部,项目经理,2024-11-06,实习生,13278730188,yangfang@example.org
f093fc44,邹凯,ZŌUKǍI,女,临床研究部,质量控制专员,2024-11-29,合同制员工,14739453058,juantao@example.org
eb5e547e,冼兰英,XIǍNLÁNYĪNG,男,临床研究部,质量控制专员,2024-11-27,合同制员工,18166165228,lei11@example.org
c014d9e3,陶丽丽,TÁOLÌLÌ,男,临床研究部,研究员,2024-12-18,合同制员工,18213290666,hfu@example.org
3f4d66be,谭峰,TÁNFĒNG,男,临床研究部,质量控制专员,2025-03-30,合同制员工,15514532350,yanzhang@example.com
eb56dee4,张洋,ZHĀNGYÁNG,男,质量保证部,实验室技术员,2024-12-31,合同制员工,15773080515,duli@example.com
1f3edaa6,何淑珍,HÉSHÚZHĒN,男,质量保证部,项目经理,2025-04-01,实习生,13357825535,gang39@example.com
700e2a79,邱波,QIŪBŌ,男,质量保证部,数据分析师,2025-03-02,实习生,15248572506,jingye@example.com
4d552b61,余桂珍,YÚGUÌZHĒN,女,研发部,项目经理,2024-12-17,实习生,14536375021,suqiang@example.net
1e1324b6,王杨,WÁNGYÁNG,男,数据科学部,数据分析师,2024-11-04,合同制员工,15875263122,oxia@example.com
bf42ae7e,高敏,GĀOMǏN,男,数据科学部,项目经理,2024-12-14,实习生,18020670001,xiulanchang@example.org
61bebd06,陈建华,CHÉNJIÀNHUÁ,女,质量保证部,质量控制专员,2025-01-22,合同制员工,15015558907,oli@example.com
3c64e9f7,皮静,PÍJÌNG,女,研发部,质量控制专员,2025-04-18,合同制员工,18674917296,jinghe@example.org
df2f92f7,邓宇,DÈNGYǓ,女,数据科学部,数据分析师,2025-02-19,实习生,13537600833,bhu@example.com
2baf720a,侯桂荣,HÓUGUÌRÓNG,男,质量保证部,实验室技术员,2025-04-26,实习生,18214173867,leilei@example.org
e337fcd0,景杰,JǏNGJIÉ,男,质量保证部,研究员,2025-04-26,合同制员工,15312792868,hxia@example.net
0c3c3b59,李红霞,LǏHÓNGXIÁ,女,研发部,项目经理,2025-03-01,合同制员工,13135676022,yeyan@example.org
cd30c93a,徐鑫,XÚXĪN,女,研发部,项目经理,2024-12-04,实习生,13454850337,ahuang@example.net
438925ca,赵浩,ZHÀOHÀO,男,质量保证部,质量控制专员,2025-03-12,实习生,13396196143,xuejuan@example.com
62d5011b,吴利,WÚLÌ,女,研发部,项目经理,2025-04-23,实习生,18007286623,maochao@example.net
de07c10a,汪波,WĀNGBŌ,女,临床研究部,研究员,2025-04-03,合同制员工,15595322243,tao55@example.net
06e6d63f,刘凤英,LIÚFÈNGYĪNG,女,研发部,数据分析师,2025-04-02,合同制员工,13215242736,fang46@example.org
b8853263,刘琴,LIÚQÍN,女,质量保证部,研究员,2025-02-23,合同制员工,14533360644,min11@example.org
1db72161,李红霞,LǏHÓNGXIÁ,女,数据科学部,数据分析师,2024-10-09,实习生,15264594361,liangjuan@example.com
8db0583e,孙桂芝,SŪNGUÌZHĪ,女,临床研究部,实验室技术员,2025-02-10,合同制员工,13811433638,yfu@example.net
249447ed,纪璐,JÌLÙ,女,研发部,项目经理,2025-02-17,合同制员工,13515870839,shaoguiying@example.com
cfd4e145,王玉英,WÁNGYÙYĪNG,女,数据科学部,研究员,2025-04-16,合同制员工,13449774610,baina@example.com
eff46339,周桂珍,ZHŌUGUÌZHĒN,男,数据科学部,研究员,2025-04-24,实习生,15515789057,lilei@example.org
8d4ca27c,袁小红,YUÁNXIǍOHÓNG,男,临床研究部,质量控制专员,2025-04-05,实习生,15848584398,nding@example.org
702adc48,文俊,WÉNJÙN,女,数据科学部,数据分析师,2025-01-30,合同制员工,15101901473,mqiao@example.net
b2722c35,周红,ZHŌUHÓNG,女,临床研究部,质量控制专员,2025-04-15,实习生,13126409991,juanxiong@example.com
549ff527,王雷,WÁNGLÉI,女,研发部,数据分析师,2025-03-12,合同制员工,18050426846,songming@example.com
f12888e0,阮瑞,RUǍNRUÌ,女,数据科学部,数据分析师,2025-04-23,实习生,15202139456,xiangqiang@example.org
b3789088,宋浩,SÒNGHÀO,女,数据科学部,数据分析师,2025-02-08,实习生,18256088167,guoyong@example.com
ec14f391,黎桂珍,LÍGUÌZHĒN,男,质量保证部,实验室技术员,2024-12-20,实习生,13182019251,rye@example.org
3b75eb6c,李玉珍,LǏYÙZHĒN,男,质量保证部,项目经理,2024-09-13,实习生,13837999061,lixu@example.com
16aeb4b0,鞠亮,JŪLIÀNG,女,临床研究部,质量控制专员,2025-04-04,实习生,13886884432,asu@example.com
2a5ec8cf,王娟,WÁNGJUĀN,男,临床研究部,质量控制专员,2024-12-10,合同制员工,15183103755,ogu@example.com
16ec112a,张洁,ZHĀNGJÍ,男,质量保证部,实验室技术员,2025-04-20,实习生,13603937430,jiemao@example.net
6bdc38d7,张志强,ZHĀNGZHÌQIÁNG,男,研发部,项目经理,2025-04-27,实习生,15732700929,tao94@example.com
510ce82c,梁彬,LIÁNGBĪN,女,质量保证部,研究员,2024-11-15,实习生,13606363478,tanna@example.com
161a3595,王瑜,WÁNGYÚ,女,临床研究部,数据分析师,2024-11-22,合同制员工,13369976931,tao38@example.net
40841759,李强,LǏQIÁNG,男,质量保证部,实验室技术员,2025-01-12,实习生,18803980373,chenmin@example.org
55429fad,吴颖,WÚYǏNG,女,质量保证部,实验室技术员,2024-12-17,合同制员工,13643389357,mawei@example.org
04405da4,龙桂花,LÓNGGUÌHUĀ,男,质量保证部,数据分析师,2024-06-29,合同制员工,15251977243,yiyan@example.com
fbb35902,姜云,JIĀNGYÚN,男,数据科学部,数据分析师,2025-01-30,实习生,18186834213,bsong@example.org
a7808e9f,林金凤,LÍNJĪNFÈNG,男,临床研究部,数据分析师,2025-04-14,合同制员工,14588179758,malei@example.org
1a583e2b,寇建,KÒUJIÀN,女,研发部,研究员,2025-01-15,合同制员工,15813367796,yeyang@example.net
070efff1,张磊,ZHĀNGLĚI,男,研发部,质量控制专员,2024-09-20,实习生,14597006318,tding@example.org
c4c83cdf,蔡秀云,CÀIXIÙYÚN,女,研发部,项目经理,2025-04-10,合同制员工,15763543969,jie61@example.net
a7eb6d1f,马东,MǍDŌNG,女,研发部,质量控制专员,2025-02-24,合同制员工,13825302341,fang13@example.org
8a9fec31,杨玉英,YÁNGYÙYĪNG,男,临床研究部,数据分析师,2025-02-03,实习生,15379248918,li02@example.com
e73633df,李建平,LǏJIÀNPÍNG,女,质量保证部,项目经理,2025-04-22,合同制员工,18282674541,ping55@example.net
57a79b0a,杜秀梅,DÙXIÙMÉI,女,质量保证部,质量控制专员,2025-01-15,实习生,18567172842,ydeng@example.net
7cbfa4d0,毛秀兰,MÁOXIÙLÁN,男,数据科学部,数据分析师,2025-01-02,实习生,18198474529,yhuang@example.org
d0a2c3bc,周宁,ZHŌUNÍNG,女,数据科学部,实验室技术员,2024-12-03,合同制员工,13000288366,ganggong@example.org
370093ff,涂莉,TÚLÌ,女,质量保证部,实验室技术员,2024-07-18,实习生,13733034767,liyan@example.org
4c96ad58,常淑华,CHÁNGSHÚHUÁ,男,研发部,数据分析师,2025-04-18,实习生,14590654660,vguo@example.net
ff079d6d,韩淑英,HÁNSHÚYĪNG,男,质量保证部,质量控制专员,2025-04-14,合同制员工,13599070650,yongcai@example.net
3c7cb722,栗林,LÌLÍN,男,质量保证部,实验室技术员,2025-04-07,实习生,15241387291,chao65@example.com
55229711,黄畅,HUÁNGCHÀNG,男,临床研究部,研究员,2025-04-03,合同制员工,13268315843,umo@example.org
c00afa1d,王明,WÁNGMÍNG,女,质量保证部,实验室技术员,2025-01-20,合同制员工,13813576372,qiangyan@example.org
8947d955,刘桂兰,LIÚGUÌLÁN,男,质量保证部,研究员,2025-04-04,实习生,13407636469,zcao@example.net
9512fe57,覃娜,TÁNNUÓ,男,临床研究部,质量控制专员,2025-04-14,实习生,15260398528,ylong@example.org
2a69a81b,彭淑英,PÉNGSHÚYĪNG,女,质量保证部,实验室技术员,2024-10-23,合同制员工,13169110062,na21@example.org
271b7ee0,张琴,ZHĀNGQÍN,男,数据科学部,质量控制专员,2024-09-23,合同制员工,13661890324,qianchao@example.net
8bd7bfc2,程阳,CHÉNGYÁNG,女,数据科学部,质量控制专员,2024-07-08,实习生,15071410479,mingmo@example.org
61704898,雷璐,LÉILÙ,男,研发部,项目经理,2025-04-27,实习生,14709012156,fangmin@example.com
4b4df2d1,唐楠,TÁNGNÁN,女,临床研究部,实验室技术员,2025-04-25,合同制员工,18724690988,wei07@example.com
64111536,曹桂花,CÁOGUÌHUĀ,女,质量保证部,项目经理,2025-04-21,实习生,15325130603,yong99@example.org
4fc26b0d,张旭,ZHĀNGXÙ,男,研发部,项目经理,2025-04-18,合同制员工,18840551189,juan83@example.com
f0daa1e4,杨玉梅,YÁNGYÙMÉI,女,数据科学部,实验室技术员,2024-05-23,实习生,13404494495,weihao@example.net
01de45a0,黄玉珍,HUÁNGYÙZHĒN,女,研发部,研究员,2024-09-08,合同制员工,15812131082,weiqian@example.org
a77988f3,王琳,WÁNGLÍN,女,临床研究部,实验室技术员,2025-03-16,合同制员工,13397324307,vding@example.com
d25d73be,刘博,LIÚBÓ,男,质量保证部,研究员,2025-03-11,实习生,13492263491,fang27@example.com
8dbfdda4,张玉梅,ZHĀNGYÙMÉI,女,临床研究部,数据分析师,2024-12-30,实习生,15327641918,ozheng@example.org
a7f1e8b8,雍彬,YŌNGBĪN,男,质量保证部,项目经理,2025-01-13,实习生,18089428212,li72@example.com
9f9eb00b,何伟,HÉWĚI,女,质量保证部,实验室技术员,2025-03-31,实习生,14732507831,jing99@example.net
a913262b,刘秀英,LIÚXIÙYĪNG,女,研发部,项目经理,2025-04-02,实习生,18147077701,yangyong@example.net
a3fd40bf,魏英,WÈIYĪNG,男,临床研究部,数据分析师,2025-04-14,实习生,13204819196,mtang@example.org
94199eec,黄丽丽,HUÁNGLÌLÌ,男,研发部,项目经理,2025-04-11,实习生,15865587861,xiulan57@example.net
c3ccb537,张雪,ZHĀNGXUĚ,女,研发部,项目经理,2024-10-01,合同制员工,18771893686,xianglei@example.com
2719f8f7,刘桂芳,LIÚGUÌFĀNG,女,质量保证部,项目经理,2024-10-28,合同制员工,18771470355,min22@example.net
1c49cc8a,方英,FĀNGYĪNG,女,数据科学部,数据分析师,2025-04-09,合同制员工,18504457483,yanwan@example.com
d49d05cd,彭平,PÉNGPÍNG,男,数据科学部,项目经理,2025-04-24,合同制员工,18788672312,min63@example.net
6b56d06f,张彬,ZHĀNGBĪN,女,临床研究部,质量控制专员,2025-01-03,实习生,13758872572,pingshao@example.com
68246ef7,刘慧,LIÚHUÌ,男,质量保证部,质量控制专员,2024-06-27,合同制员工,18000659574,chao53@example.com
94d7bb39,齐秀华,QÍXIÙHUÁ,男,研发部,项目经理,2024-08-15,实习生,15156745399,kqiu@example.org
28f437cf,李俊,LǏJÙN,男,质量保证部,数据分析师,2025-03-25,合同制员工,13443478299,fangshi@example.com
534c1c2c,赵玉华,ZHÀOYÙHUÁ,男,数据科学部,项目经理,2024-12-11,实习生,13272336332,chao55@example.net
372d1e40,汪玉兰,WĀNGYÙLÁN,男,研发部,质量控制专员,2025-04-27,合同制员工,18586878768,ming32@example.net
0cfca563,刘柳,LIÚLIǓ,女,数据科学部,项目经理,2024-06-16,实习生,15543895625,lixiuying@example.org
7264f6d1,邹伟,ZŌUWĚI,女,质量保证部,质量控制专员,2024-12-09,实习生,14720862827,guiying27@example.com
f0dd515c,张博,ZHĀNGBÓ,女,数据科学部,项目经理,2025-01-29,合同制员工,13504239980,chenqiang@example.net
c192f153,张艳,ZHĀNGYÀN,男,数据科学部,实验室技术员,2025-01-20,合同制员工,15042583509,xiuyingkang@example.org
7d14b0f0,杨梅,YÁNGMÉI,女,数据科学部,质量控制专员,2025-03-27,实习生,18773185432,ali@example.org
1c48975f,周丽娟,ZHŌULÌJUĀN,男,数据科学部,质量控制专员,2025-04-03,实习生,13488173446,yanjun@example.net
6e697338,胥博,XŪBÓ,女,数据科学部,数据分析师,2025-04-19,合同制员工,15238056772,xiulan11@example.com
b1b4e6cd,曾淑英,CÉNGSHÚYĪNG,男,数据科学部,项目经理,2024-08-20,实习生,13803310403,jjiang@example.org
3cfd629a,张婷婷,ZHĀNGTÍNGTÍNG,女,临床研究部,质量控制专员,2024-12-11,合同制员工,15594898845,junyuan@example.net
19afa3c2,吕云,LǙYÚN,女,质量保证部,实验室技术员,2024-11-27,实习生,15826046939,gangcai@example.com
d645a671,张梅,ZHĀNGMÉI,女,数据科学部,质量控制专员,2024-12-14,合同制员工,13039024026,xiuyingshao@example.org
0104f298,鞠丽娟,JŪLÌJUĀN,女,临床研究部,质量控制专员,2024-11-20,合同制员工,15942854666,min41@example.net
2c32ea1d,伍飞,WǓFĒI,女,数据科学部,质量控制专员,2024-10-28,实习生,15802953395,xiaguo@example.com
6ace5886,张岩,ZHĀNGYÁN,女,数据科学部,数据分析师,2025-03-03,合同制员工,18753752504,gangxu@example.org
88a1f53a,朱欣,ZHŪXĪN,男,数据科学部,研究员,2025-02-16,实习生,18866870958,xia59@example.org
8b848f3f,潘博,PĀNBÓ,女,临床研究部,研究员,2025-03-07,实习生,15841633137,jing14@example.net
c667e2d5,赵建,ZHÀOJIÀN,女,质量保证部,数据分析师,2024-11-28,实习生,15745254076,xiuying83@example.org
461bd2e9,王坤,WÁNGKŪN,女,质量保证部,项目经理,2025-02-03,合同制员工,18876387104,xyang@example.org
a42b9370,姚秀梅,YÁOXIÙMÉI,女,数据科学部,质量控制专员,2025-03-23,实习生,14530222833,mhuang@example.com
39d23d6b,徐桂荣,XÚGUÌRÓNG,女,数据科学部,项目经理,2024-08-08,合同制员工,14707910987,ttian@example.com
e56cde80,崔涛,CUĪTĀO,女,数据科学部,数据分析师,2025-02-22,合同制员工,18768403179,gxia@example.com
2336a099,陈秀英,CHÉNXIÙYĪNG,男,临床研究部,实验室技术员,2024-11-13,合同制员工,15340894480,dulei@example.com
52f03c11,郑芳,ZHÈNGFĀNG,男,质量保证部,研究员,2024-09-04,实习生,15705404334,vzheng@example.net
5b064cd0,牛婷,NIÚTÍNG,女,研发部,质量控制专员,2025-04-26,实习生,15129664052,akong@example.net
af7a4476,刘明,LIÚMÍNG,女,质量保证部,实验室技术员,2024-12-04,合同制员工,18548710951,che@example.net
181612e6,刘秀英,LIÚXIÙYĪNG,女,临床研究部,研究员,2025-03-12,合同制员工,13017288381,xiuyingwei@example.com
fe92c912,李飞,LǏFĒI,男,研发部,质量控制专员,2025-04-03,合同制员工,18716382205,weizeng@example.net
07b88b05,赵海燕,ZHÀOHǍIYÀN,男,临床研究部,项目经理,2025-01-25,合同制员工,18671492299,yangyao@example.org
9b382ea8,林鑫,LÍNXĪN,女,质量保证部,项目经理,2024-07-01,合同制员工,18009928303,dzou@example.com
f61c9c6f,刘海燕,LIÚHǍIYÀN,女,质量保证部,研究员,2024-08-11,实习生,13923557361,shiguiying@example.org
fb1bbc36,夏浩,XIÀHÀO,男,质量保证部,研究员,2024-12-27,实习生,14502326574,xiangchao@example.org
ce916ef7,王英,WÁNGYĪNG,男,质量保证部,质量控制专员,2025-04-23,合同制员工,15235504773,xiangtao@example.net
2e7032b0,刘秀梅,LIÚXIÙMÉI,女,研发部,实验室技术员,2025-04-27,实习生,18019799976,hkang@example.com
739e7d00,王畅,WÁNGCHÀNG,女,质量保证部,项目经理,2025-01-16,实习生,18122331222,kchen@example.com
22ee9e1b,吕晶,LǙJĪNG,男,数据科学部,研究员,2025-03-30,实习生,15281943683,nazhang@example.net
484880b9,孙凤英,SŪNFÈNGYĪNG,男,临床研究部,项目经理,2025-01-25,实习生,15100511981,xuewei@example.net
c2f9b300,钟璐,ZHŌNGLÙ,女,研发部,数据分析师,2025-04-15,合同制员工,13910727555,mingzhong@example.com
6cb2ef65,况倩,KUÀNGQIÀN,女,临床研究部,实验室技术员,2024-07-22,合同制员工,18842611476,qinqiang@example.net
2ce8dc47,聂鑫,NIÈXĪN,男,研发部,项目经理,2025-04-24,实习生,18059530158,wanxiulan@example.net
ca33bfca,杨凯,YÁNGKǍI,女,临床研究部,项目经理,2024-12-29,合同制员工,15995990563,qiuxiuying@example.org
19884c68,黄琴,HUÁNGQÍN,男,临床研究部,实验室技术员,2025-04-27,实习生,18760317471,wuqiang@example.net
9d30c264,赵刚,ZHÀOGĀNG,男,研发部,研究员,2024-11-12,合同制员工,15107131267,longyong@example.net
41edaae1,汪燕,WĀNGYÀN,女,数据科学部,实验室技术员,2024-12-12,合同制员工,15895892341,tshi@example.com
38350138,熊成,XIÓNGCHÉNG,女,质量保证部,项目经理,2025-04-03,合同制员工,15701107772,wangjun@example.net
922e94cd,周萍,ZHŌUPÍNG,男,数据科学部,项目经理,2024-11-29,合同制员工,13213186691,guoping@example.net
fcc78e10,邓凤兰,DÈNGFÈNGLÁN,男,研发部,质量控制专员,2024-12-27,实习生,18287805344,jingyan@example.com
faf2c9c1,黎秀珍,LÍXIÙZHĒN,女,研发部,质量控制专员,2024-10-21,合同制员工,13230243419,ezhang@example.com
20784696,聂博,NIÈBÓ,男,数据科学部,数据分析师,2025-04-22,实习生,13244407698,zhu@example.net
b5cb39dc,张娟,ZHĀNGJUĀN,女,临床研究部,质量控制专员,2024-10-04,实习生,13717049954,shenxia@example.net
c97d162f,李波,LǏBŌ,男,临床研究部,质量控制专员,2025-03-25,合同制员工,15839622229,min24@example.org
a9535e80,黄玉梅,HUÁNGYÙMÉI,女,研发部,数据分析师,2025-04-24,实习生,15882986909,ming77@example.com
32619f7d,丁刚,DĪNGGĀNG,女,质量保证部,质量控制专员,2025-04-02,实习生,18171353564,ming91@example.net
1d6be0ac,张强,ZHĀNGQIÁNG,女,质量保证部,质量控制专员,2025-03-11,实习生,18864828246,guiying79@example.com
a89cc035,康颖,KĀNGYǏNG,男,研发部,研究员,2025-03-04,实习生,18285690180,minguo@example.org
9d149270,杨晨,YÁNGCHÉN,男,数据科学部,项目经理,2025-04-25,合同制员工,18859328111,mliu@example.net
b1467902,何玉,HÉYÙ,男,研发部,项目经理,2025-04-07,合同制员工,15095224565,jingyu@example.com
2690afcc,刘霞,LIÚXIÁ,男,研发部,研究员,2024-11-10,实习生,15837957424,jingzhu@example.org
653edb56,李秀芳,LǏXIÙFĀNG,女,研发部,数据分析师,2025-03-12,实习生,18619699836,xlu@example.com
565c1e29,张伟,ZHĀNGWĚI,男,数据科学部,实验室技术员,2025-04-24,实习生,15296780912,chao40@example.org
f25e70c3,纪秀珍,JÌXIÙZHĒN,女,研发部,研究员,2025-04-21,实习生,18583807828,wanwei@example.com
64ec4f49,宋勇,SÒNGYǑNG,女,研发部,研究员,2025-03-27,实习生,13192052314,qiang38@example.net
50f5bfbe,柴静,CHÁIJÌNG,男,质量保证部,数据分析师,2024-12-07,实习生,18723943805,wangjie@example.net
229b6c2d,段鹏,DUÀNPÉNG,女,研发部,数据分析师,2024-12-28,合同制员工,15796476937,jun97@example.net
b8063e0c,高桂兰,GĀOGUÌLÁN,女,临床研究部,质量控制专员,2024-06-26,合同制员工,13203887351,xiajie@example.com
c314bbc2,麦雷,MÀILÉI,男,研发部,项目经理,2025-01-29,实习生,15248854396,kma@example.net
b3fce555,吴桂芝,WÚGUÌZHĪ,女,质量保证部,项目经理,2025-01-09,实习生,18614860759,eyang@example.net
331bc382,吴玉华,WÚYÙHUÁ,女,临床研究部,数据分析师,2024-12-10,合同制员工,18966359565,jie23@example.org
2b008052,郑颖,ZHÈNGYǏNG,女,质量保证部,实验室技术员,2025-01-04,实习生,18289053386,chao10@example.org
8742ed73,董飞,DǑNGFĒI,男,研发部,数据分析师,2025-02-16,合同制员工,14527344922,fangxia@example.org
c271e49d,许倩,XǓQIÀN,男,研发部,项目经理,2024-09-14,实习生,13689772423,weikang@example.net
4eb71c15,王涛,WÁNGTĀO,男,数据科学部,实验室技术员,2025-04-27,合同制员工,13046916959,chaowu@example.org
4bee367e,钟玉英,ZHŌNGYÙYĪNG,女,临床研究部,研究员,2025-04-26,实习生,13654798479,jielei@example.com
1cb71de5,张桂花,ZHĀNGGUÌHUĀ,女,临床研究部,研究员,2025-01-03,实习生,15688429907,wujing@example.com
eea2a809,刘琳,LIÚLÍN,女,质量保证部,质量控制专员,2025-04-25,实习生,14566618260,chao83@example.org
f0f51044,卢倩,LÚQIÀN,女,质量保证部,实验室技术员,2025-03-01,实习生,13305924652,yangtao@example.net
e0224d5d,许健,XǓJIÀN,女,临床研究部,质量控制专员,2025-01-15,实习生,15579774124,leijiang@example.net
3d5b0c57,叶强,YÈQIÁNG,女,质量保证部,研究员,2025-02-11,合同制员工,13569722626,zhangjie@example.com
7ed547ef,姜小红,JIĀNGXIǍOHÓNG,女,临床研究部,研究员,2025-02-17,实习生,15000951388,pdong@example.org
75f09eee,古建军,GǓJIÀNJŪN,女,数据科学部,质量控制专员,2025-02-24,实习生,13561630104,cpeng@example.net
10a62d64,陈丽丽,CHÉNLÌLÌ,女,研发部,项目经理,2024-10-29,合同制员工,18726971681,guiyinghao@example.org
5ff5bbcd,和东,HÉDŌNG,女,研发部,实验室技术员,2025-01-21,合同制员工,13770054962,ming77@example.net
0fa62629,龚婷婷,GŌNGTÍNGTÍNG,男,质量保证部,研究员,2025-02-16,合同制员工,15361947079,shenfang@example.com
edb30cce,王畅,WÁNGCHÀNG,女,数据科学部,项目经理,2025-03-21,实习生,15707617319,leixiang@example.net
8bebdd4e,霍玉珍,HUÒYÙZHĒN,男,数据科学部,实验室技术员,2024-11-12,合同制员工,18567169975,fangdeng@example.net
f5b841ed,范健,FÀNJIÀN,男,研发部,质量控制专员,2025-03-30,合同制员工,15989033250,esu@example.net
c0bbbfb9,李兵,LǏBĪNG,女,数据科学部,质量控制专员,2025-04-03,合同制员工,15014008403,renxiulan@example.net
dbe59d64,宋娟,SÒNGJUĀN,女,数据科学部,质量控制专员,2025-01-13,实习生,14583603024,jie30@example.net
96c0b760,沈玉英,SHĚNYÙYĪNG,女,研发部,研究员,2025-03-21,实习生,15045038304,gaoli@example.com
d9fa7af4,袁晨,YUÁNCHÉN,男,研发部,实验室技术员,2024-12-09,合同制员工,13424443359,jingxiong@example.net
5f4e31c4,汤桂香,TĀNGGUÌXIĀNG,女,研发部,研究员,2025-01-10,实习生,18762265615,xiongxiulan@example.net
7ccd8bd3,罗楠,LUŌNÁN,男,数据科学部,数据分析师,2024-12-03,合同制员工,15397192978,li89@example.com
32c682fd,王玉,WÁNGYÙ,男,数据科学部,研究员,2025-03-22,合同制员工,15272889689,mingmeng@example.org
593116d4,王秀英,WÁNGXIÙYĪNG,女,临床研究部,数据分析师,2024-12-25,实习生,13672680426,gongna@example.com
a2cb374b,富桂荣,FÙGUÌRÓNG,女,质量保证部,研究员,2025-02-19,合同制员工,14797266603,juanjia@example.org
e37f12e5,胡平,HÚPÍNG,女,数据科学部,项目经理,2025-04-07,实习生,18207655811,gang94@example.org
e3231c9c,吴红霞,WÚHÓNGXIÁ,男,临床研究部,项目经理,2025-01-22,合同制员工,13206804411,taomao@example.org
8a25fd9b,李楠,LǏNÁN,男,临床研究部,实验室技术员,2025-04-08,实习生,15841447029,vtang@example.org
301d4283,司桂英,SĪGUÌYĪNG,男,研发部,项目经理,2025-01-24,实习生,18629531056,xiasun@example.net
c41a2725,董秀英,DǑNGXIÙYĪNG,男,质量保证部,数据分析师,2024-09-29,合同制员工,13699717046,akang@example.net
fb5038f5,陈柳,CHÉNLIǓ,女,质量保证部,实验室技术员,2025-04-22,实习生,15301472645,kongwei@example.net
d3aa2eaf,朱凤兰,ZHŪFÈNGLÁN,女,数据科学部,研究员,2024-12-04,合同制员工,14516166730,gangjia@example.org
acba6af3,张秀兰,ZHĀNGXIÙLÁN,女,数据科学部,实验室技术员,2025-04-06,合同制员工,13082684305,qiang98@example.com
f06f077f,黄桂英,HUÁNGGUÌYĪNG,女,研发部,数据分析师,2025-03-12,实习生,13431962557,tao28@example.org
9ace1a7b,封东,FĒNGDŌNG,男,研发部,项目经理,2024-06-20,实习生,13080863439,dongli@example.org
7525a97b,任秀英,RÈNXIÙYĪNG,男,研发部,研究员,2025-02-27,合同制员工,18252618421,xiuyingpeng@example.net
c87a5b99,张云,ZHĀNGYÚN,女,临床研究部,数据分析师,2024-10-18,实习生,13154358130,guiyingxiao@example.org
f3227a1c,张飞,ZHĀNGFĒI,女,临床研究部,实验室技术员,2024-06-14,合同制员工,13206751817,na88@example.net
d9f16ef0,顾秀兰,GÙXIÙLÁN,女,质量保证部,项目经理,2025-02-14,合同制员工,18036093872,junqiu@example.net
92903927,马晨,MǍCHÉN,男,数据科学部,项目经理,2024-06-11,合同制员工,18161636944,fdeng@example.org
1c949764,白华,BÁIHUÁ,男,研发部,数据分析师,2025-04-06,合同制员工,18208205498,huming@example.org
5c72dbc5,孙建平,SŪNJIÀNPÍNG,男,研发部,项目经理,2025-02-18,实习生,14717130892,gxiong@example.org
4fc9d294,吴柳,WÚLIǓ,女,质量保证部,实验室技术员,2025-03-18,合同制员工,15543254620,jiehu@example.com
430fd97c,李金凤,LǏJĪNFÈNG,男,临床研究部,数据分析师,2025-02-12,合同制员工,18106237575,lilu@example.net
d2fe4eef,张霞,ZHĀNGXIÁ,女,研发部,数据分析师,2025-01-03,合同制员工,15129148112,tianjuan@example.net
62b774d5,马丹丹,MǍDĀNDĀN,女,数据科学部,项目经理,2024-10-18,实习生,14570604434,qiaojuan@example.com
005503ca,张帅,ZHĀNGSHUÀI,女,数据科学部,项目经理,2024-07-09,合同制员工,13854896758,fcai@example.net
e926c73c,豆欣,DÒUXĪN,男,临床研究部,研究员,2025-04-15,合同制员工,15162863906,jiangyang@example.com
fce9b90c,王文,WÁNGWÉN,女,质量保证部,质量控制专员,2024-05-20,实习生,13518222610,caixia@example.org
125670b8,李磊,LǏLĚI,男,临床研究部,质量控制专员,2025-03-28,合同制员工,18149060207,fangren@example.net
6169555e,宋杨,SÒNGYÁNG,男,质量保证部,研究员,2025-02-13,实习生,13812656472,zhu@example.org
7d6d2762,盛金凤,SHÈNGJĪNFÈNG,男,数据科学部,研究员,2025-04-06,合同制员工,15123929682,cma@example.com
e5ea4711,杜鹏,DÙPÉNG,男,研发部,研究员,2025-03-10,实习生,13434942847,na71@example.com
75b8ca08,罗婷,LUŌTÍNG,女,研发部,项目经理,2024-12-17,合同制员工,18029211838,hegang@example.org
45c6af04,李凯,LǏKǍI,女,研发部,研究员,2025-04-07,合同制员工,15534054676,mengli@example.org
0217b9ba,徐鹏,XÚPÉNG,男,数据科学部,项目经理,2024-11-04,实习生,15096355182,yancai@example.net
45513a37,王秀华,WÁNGXIÙHUÁ,女,研发部,质量控制专员,2025-02-10,合同制员工,15650780772,kkong@example.net
9df5b990,李淑英,LǏSHÚYĪNG,女,研发部,质量控制专员,2025-04-16,合同制员工,15709990085,chaoyao@example.net
233784ea,许明,XǓMÍNG,男,质量保证部,实验室技术员,2024-12-30,合同制员工,18934186349,yan33@example.net
0c9ba764,杜玉华,DÙYÙHUÁ,男,临床研究部,项目经理,2025-04-24,实习生,13601266545,kangxia@example.org
1336f1af,刘畅,LIÚCHÀNG,女,研发部,数据分析师,2024-06-18,实习生,13185394878,naxia@example.com
e29d9eb2,李秀云,LǏXIÙYÚN,男,数据科学部,数据分析师,2025-02-22,实习生,18285574718,chao56@example.org
52b1f34b,杨婷婷,YÁNGTÍNGTÍNG,男,质量保证部,质量控制专员,2025-01-10,合同制员工,14582999568,min99@example.com
0d776377,曹波,CÁOBŌ,女,临床研究部,项目经理,2025-02-23,实习生,18802547858,vshi@example.com
db157e9e,郭秀兰,GUŌXIÙLÁN,男,临床研究部,项目经理,2025-01-29,合同制员工,15638969316,yulei@example.net
d95802b2,曾璐,CÉNGLÙ,男,数据科学部,数据分析师,2025-03-06,合同制员工,15264270131,lijia@example.com
9d16aa72,刘畅,LIÚCHÀNG,女,研发部,数据分析师,2024-06-24,合同制员工,13702873736,dugang@example.org
23011d68,胡凯,HÚKǍI,男,质量保证部,项目经理,2025-01-26,合同制员工,18024919669,sxia@example.net
9bbc0981,臧辉,ZĀNGHUĪ,女,研发部,实验室技术员,2025-03-07,合同制员工,18988765348,chaodu@example.com
29621ca4,王琴,WÁNGQÍN,女,质量保证部,研究员,2025-02-20,实习生,18284269818,nma@example.net
f78c45eb,刘桂香,LIÚGUÌXIĀNG,男,临床研究部,研究员,2025-03-27,实习生,13064226000,qren@example.org
3142b8d6,魏磊,WÈILĚI,女,质量保证部,质量控制专员,2025-03-06,合同制员工,15043940817,daixiulan@example.net
c2c78b9f,丁玉英,DĪNGYÙYĪNG,女,数据科学部,研究员,2025-04-10,合同制员工,13474974425,weiyong@example.com
f6cc05c2,饶桂芳,RÁOGUÌFĀNG,女,数据科学部,质量控制专员,2024-11-20,实习生,14767062121,lili@example.org
cedf3e7c,傅建国,FÙJIÀNGUÓ,男,数据科学部,项目经理,2025-04-17,实习生,13155653098,gaoping@example.org
4d3537c0,张静,ZHĀNGJÌNG,男,研发部,质量控制专员,2025-04-11,合同制员工,13147946565,iqin@example.com
9ab11c74,王霞,WÁNGXIÁ,女,研发部,质量控制专员,2025-04-08,合同制员工,13961960413,chaosu@example.com
b6ea3eb0,刘凯,LIÚKǍI,女,研发部,质量控制专员,2024-11-14,合同制员工,13985294452,xiuying44@example.com
e6cb405e,萧春梅,XIĀOCHŪNMÉI,女,数据科学部,实验室技术员,2025-03-03,合同制员工,14544444308,mqiao@example.org
c9af1c72,刘萍,LIÚPÍNG,女,研发部,实验室技术员,2024-09-08,合同制员工,15157364543,sbai@example.com
8e87150a,杨林,YÁNGLÍN,女,质量保证部,研究员,2025-04-17,实习生,13035896203,ping30@example.org
b1e80cad,周敏,ZHŌUMǏN,男,临床研究部,研究员,2025-03-18,实习生,14786500308,gang45@example.org
6b673758,陈玉梅,CHÉNYÙMÉI,女,临床研究部,数据分析师,2024-11-11,实习生,15377906616,panping@example.net
6985fcc0,吴平,WÚPÍNG,女,临床研究部,研究员,2025-04-24,实习生,13137196263,yanglong@example.org
552353d9,郑淑英,ZHÈNGSHÚYĪNG,女,研发部,质量控制专员,2025-03-09,合同制员工,14577413631,huangyan@example.net
b5335c3f,刘婷,LIÚTÍNG,女,质量保证部,项目经理,2025-04-27,合同制员工,18187201145,yang62@example.com
c1441811,斯丹丹,SĪDĀNDĀN,女,数据科学部,质量控制专员,2025-04-04,实习生,14570969512,gujun@example.org
01aaf5e9,朱刚,ZHŪGĀNG,女,数据科学部,质量控制专员,2025-02-08,合同制员工,13870254716,liufang@example.net
aa22d474,邱建,QIŪJIÀN,女,研发部,实验室技术员,2024-11-26,合同制员工,13457752839,li53@example.org
387cb066,吴博,WÚBÓ,男,研发部,项目经理,2025-03-10,实习生,13146635832,yaojing@example.net
42870000,陈杰,CHÉNJIÉ,男,数据科学部,实验室技术员,2025-02-12,合同制员工,18639928789,xuemin@example.com
16c6c1ca,杨明,YÁNGMÍNG,女,临床研究部,研究员,2025-01-24,实习生,15853148819,ming46@example.net
f3e63526,杜涛,DÙTĀO,女,临床研究部,项目经理,2025-03-24,合同制员工,15872585262,yonggao@example.net
cff287b2,吴淑珍,WÚSHÚZHĒN,男,临床研究部,数据分析师,2024-11-25,合同制员工,13930812460,mingyi@example.org
fee140de,李梅,LǏMÉI,男,临床研究部,研究员,2024-11-07,实习生,13770496321,yan05@example.com
23fa5c79,刘秀英,LIÚXIÙYĪNG,女,数据科学部,实验室技术员,2025-03-19,实习生,15979862403,lsun@example.org
bf8d2fa6,熊淑华,XIÓNGSHÚHUÁ,女,临床研究部,项目经理,2024-10-13,合同制员工,15677605328,fangshen@example.org
0dbdf682,冉鑫,RǍNXĪN,女,数据科学部,数据分析师,2025-03-16,合同制员工,15199134185,qiang88@example.net
ff5d5ff3,许丽娟,XǓLÌJUĀN,男,临床研究部,数据分析师,2025-02-20,实习生,13371921043,chaolong@example.com
41dfb377,黎璐,LÍLÙ,男,质量保证部,质量控制专员,2025-03-12,实习生,13071851518,juan56@example.com
e2a1a8e9,余玉华,YÚYÙHUÁ,男,研发部,实验室技术员,2025-02-04,合同制员工,14720554866,jingcao@example.org
4358a331,何东,HÉDŌNG,男,临床研究部,实验室技术员,2025-02-26,合同制员工,13544729841,guiying93@example.com
0161454c,袁斌,YUÁNBĪN,女,研发部,数据分析师,2025-04-27,实习生,15841119040,xiulan96@example.com
6898142d,朱艳,ZHŪYÀN,女,研发部,数据分析师,2025-01-30,合同制员工,13343994632,xiayan@example.org
698a757b,刘桂兰,LIÚGUÌLÁN,男,质量保证部,项目经理,2025-04-27,合同制员工,14727634493,yangxue@example.com
7e710141,陈璐,CHÉNLÙ,女,研发部,数据分析师,2025-03-09,实习生,18114167071,juanqiu@example.org
88440de0,夏华,XIÀHUÁ,女,临床研究部,质量控制专员,2025-04-07,实习生,13425936926,maoxiulan@example.net
63f34169,李艳,LǏYÀN,女,质量保证部,实验室技术员,2024-07-31,合同制员工,18007302205,junpeng@example.net
2302e0bb,刘敏,LIÚMǏN,男,数据科学部,质量控制专员,2025-04-19,实习生,18255090340,minyuan@example.net
5ac0d21a,关宁,GUĀNNÍNG,女,研发部,研究员,2024-08-20,实习生,18865957167,taoxia@example.com
261c8732,白桂珍,BÁIGUÌZHĒN,女,研发部,数据分析师,2025-03-30,实习生,18187691050,jingdu@example.net
095a3b8f,孙建军,SŪNJIÀNJŪN,女,研发部,实验室技术员,2024-10-15,合同制员工,15186485125,li04@example.com
7f6f6d17,宫桂兰,GŌNGGUÌLÁN,男,临床研究部,质量控制专员,2024-11-17,实习生,14567100555,ggong@example.com
ebeaf184,耿桂芳,GĚNGGUÌFĀNG,男,研发部,数据分析师,2024-11-22,合同制员工,13020389655,qiang83@example.org
f5736c8d,王鹏,WÁNGPÉNG,女,质量保证部,数据分析师,2025-04-13,合同制员工,15848714972,guguiying@example.com
67bdc028,杨凤兰,YÁNGFÈNGLÁN,男,临床研究部,数据分析师,2025-03-06,合同制员工,13638210293,gang89@example.org
5edee640,胡明,HÚMÍNG,女,临床研究部,质量控制专员,2025-01-05,合同制员工,18546433678,fanglei@example.com
987257ff,冉秀芳,RǍNXIÙFĀNG,女,数据科学部,质量控制专员,2024-12-04,实习生,18818351503,xding@example.com
ca870805,方刚,FĀNGGĀNG,女,质量保证部,实验室技术员,2025-01-25,合同制员工,13201202935,junfan@example.com
bac706f2,刘玉珍,LIÚYÙZHĒN,女,研发部,实验室技术员,2025-04-06,合同制员工,13808788157,min50@example.net
f4b7ecc1,李红霞,LǏHÓNGXIÁ,男,研发部,实验室技术员,2024-06-27,合同制员工,15573705476,hqin@example.com
83edd29b,周欢,ZHŌUHUĀN,男,临床研究部,质量控制专员,2025-04-27,实习生,18583325958,yangxiang@example.com
f3cb7930,唐佳,TÁNGJIĀ,男,质量保证部,数据分析师,2025-01-12,实习生,13850149563,qiang78@example.org
f2680cfc,孟建华,MÈNGJIÀNHUÁ,女,数据科学部,数据分析师,2024-12-16,实习生,15992009497,jtian@example.org
75184565,卢健,LÚJIÀN,女,数据科学部,质量控制专员,2025-03-26,实习生,14707352544,chaoyu@example.com
a52097ca,毛欣,MÁOXĪN,男,数据科学部,项目经理,2024-12-28,实习生,13455493106,gangmao@example.com
6980c18e,廖丽娟,LIÀOLÌJUĀN,男,研发部,数据分析师,2025-02-07,合同制员工,13057984293,ping97@example.net
24ae94c9,李淑英,LǏSHÚYĪNG,女,临床研究部,研究员,2025-03-04,合同制员工,15651668803,wei60@example.com
52325c10,王鹏,WÁNGPÉNG,女,质量保证部,项目经理,2024-10-12,实习生,13551219542,ming99@example.com
103f6c20,薛俊,XUĒJÙN,女,质量保证部,项目经理,2024-08-25,合同制员工,13522544164,haoxiuying@example.net
9a5d9d58,郎淑兰,LÁNGSHÚLÁN,男,研发部,项目经理,2025-04-20,实习生,18681572716,yanjuan@example.net
84afa76c,曾建国,CÉNGJIÀNGUÓ,女,研发部,项目经理,2025-04-02,合同制员工,13287201291,caona@example.com
afa1899d,阎柳,YÁNLIǓ,女,数据科学部,项目经理,2025-04-27,合同制员工,15891417610,gxu@example.org
a74364ba,曲洋,QŪYÁNG,女,数据科学部,质量控制专员,2025-01-01,合同制员工,13312456931,ldai@example.org
ab32f5e0,冼璐,XIǍNLÙ,男,数据科学部,数据分析师,2025-03-23,实习生,18910492250,jiangna@example.org
865a9130,陈秀芳,CHÉNXIÙFĀNG,女,临床研究部,实验室技术员,2025-02-12,实习生,15121883368,laijun@example.net
3faa9105,颜荣,YÁNRÓNG,男,数据科学部,质量控制专员,2024-12-19,合同制员工,13932787706,jing14@example.org
47eb2281,许玉,XǓYÙ,女,质量保证部,质量控制专员,2024-09-16,实习生,13076778215,tao21@example.org
b557d993,王杰,WÁNGJIÉ,男,质量保证部,数据分析师,2025-04-26,实习生,15395573059,guiyingluo@example.com
1c0562f3,覃凤兰,TÁNFÈNGLÁN,女,研发部,实验室技术员,2025-04-22,合同制员工,15793227027,leiwei@example.com
ca1ee179,庄楠,ZHUĀNGNÁN,女,研发部,研究员,2025-04-22,合同制员工,15579978528,leishen@example.com
c2a9d5a5,高宇,GĀOYǓ,男,数据科学部,项目经理,2025-04-25,合同制员工,18855210889,lijing@example.org
c14b9719,王玉华,WÁNGYÙHUÁ,男,研发部,实验室技术员,2024-10-19,合同制员工,18065423424,wfeng@example.net
14920e4a,温小红,WĒNXIǍOHÓNG,女,数据科学部,研究员,2025-01-12,实习生,13715131355,xiangxiuying@example.org
9360a224,宋丹丹,SÒNGDĀNDĀN,女,研发部,数据分析师,2024-09-12,合同制员工,15010516133,na08@example.net
177266f9,庄慧,ZHUĀNGHUÌ,女,质量保证部,质量控制专员,2024-11-07,实习生,15335444367,wanfang@example.org
126fe558,张彬,ZHĀNGBĪN,女,研发部,质量控制专员,2025-04-09,合同制员工,15725305840,qiangmo@example.com
df96e931,李淑兰,LǏSHÚLÁN,女,质量保证部,质量控制专员,2024-12-03,实习生,13508849621,liren@example.com
d48dd63a,明淑华,MÍNGSHÚHUÁ,女,质量保证部,项目经理,2024-10-16,合同制员工,13022806155,mren@example.org
c4f560a6,蔡小红,CÀIXIǍOHÓNG,男,研发部,实验室技术员,2025-03-01,合同制员工,15796282204,ijia@example.org
42bd6886,刘瑜,LIÚYÚ,男,数据科学部,实验室技术员,2025-01-27,合同制员工,15566233737,mingbai@example.com
20f84d2d,王婷婷,WÁNGTÍNGTÍNG,男,数据科学部,质量控制专员,2024-11-06,合同制员工,18523988567,hchen@example.com
539ec8f6,郭燕,GUŌYÀN,男,数据科学部,数据分析师,2025-03-24,合同制员工,13207213971,dengyang@example.org
05ac2433,陈桂芝,CHÉNGUÌZHĪ,女,研发部,数据分析师,2025-01-02,合同制员工,14764170032,pingyin@example.com
eca28291,刘金凤,LIÚJĪNFÈNG,男,数据科学部,项目经理,2024-11-13,实习生,18610873943,yongzou@example.com
