员工ID,姓名,部门,职位,评估开始日期,评估完成日期,绩效评分,评语,评估者ID
891af425,蓝桂香,数据科学部,研究员,2024-10-09,2024-10-19,,,E004
b53d617e,蔡成,临床研究部,实验室技术员,2024-10-11,2024-11-01,,,E005
306bf1ca,唐强,研发部,质量控制专员,2024-09-10,2024-09-22,3.6,需提高工作效率，减少错误率。,E005
7b856fe0,李旭,研发部,研究员,2024-10-10,2024-10-28,,,E004
2579f2fe,刘涛,临床研究部,实验室技术员,2024-09-19,2024-09-29,3.3,工作态度积极，需加强专业技能。,E005
87724fc4,孟桂香,临床研究部,质量控制专员,2023-11-23,2023-12-03,,,E004
8f33b23e,李玉兰,质量保证部,实验室技术员,2023-11-08,2023-11-19,2.7,需提高工作效率，减少错误率。,E002
876a0c11,粟红梅,临床研究部,研究员,2024-10-18,2024-10-25,2.7,需提高工作效率，减少错误率。,E003
fa088663,赵静,数据科学部,数据分析师,2024-10-06,2024-10-23,需改进,工作表现出色，超额完成任务目标。,E005
80b60f91,杨秀珍,数据科学部,实验室技术员,2023-10-17,2023-11-05,3.3,需提高工作效率，减少错误率。,E005
30dcfdfb,曾芳,质量保证部,研究员,2024-09-12,2024-09-19,3.1,工作态度积极，需加强专业技能。,E004
00736f2d,刘霞,数据科学部,数据分析师,2024-10-10,2024-10-22,4.9,工作表现出色，超额完成任务目标。,E004
24fb9113,刘秀云,质量保证部,研究员,2024-10-03,2024-10-14,3.4,工作表现出色，超额完成任务目标。,E001
bcfd2b7b,卢秀荣,研发部,项目经理,2024-09-24,2024-10-04,,,E005
8d3d932b,宋旭,数据科学部,质量控制专员,2024-09-26,2024-10-09,,,E002
59173950,王勇,研发部,研究员,2024-09-23,2024-10-03,3.5,工作稳定，需进一步提升创新能力。,E002
345d6e90,张凯,研发部,数据分析师,2024-10-11,2024-10-21,4.5,工作表现出色，超额完成任务目标。,E004
2d4d21b0,刘秀华,质量保证部,研究员,2024-09-12,2024-09-24,3.7,工作态度积极，需加强专业技能。,E004
bb2c7034,黄斌,数据科学部,项目经理,2024-09-11,2024-09-19,4.3,工作态度积极，需加强专业技能。,E002
64f8d169,向涛,数据科学部,数据分析师,2024-10-20,2024-10-29,,,E005
59e25c0a,陈秀荣,研发部,数据分析师,2024-09-18,2024-09-27,,,E004
f38b06bd,高帆,临床研究部,质量控制专员,2024-10-01,2024-10-15,,,E002
f9e46bbe,张丹丹,质量保证部,项目经理,2024-10-16,2024-10-25,3.9,需提高工作效率，减少错误率。,E001
04614a27,江秀兰,临床研究部,质量控制专员,2024-09-25,2024-10-09,3.1,工作表现出色，超额完成任务目标。,E005
d536922a,宋玉珍,临床研究部,研究员,2024-10-18,2024-11-08,3.9,工作表现出色，超额完成任务目标。,E001
8b8d72ff,艾娜,质量保证部,数据分析师,2024-09-10,2024-09-30,3.0,需提高工作效率，减少错误率。,E001
05be53b1,孙璐,临床研究部,研究员,2023-10-07,2023-10-26,4.5,需提高工作效率，减少错误率。,E005
1a42621e,高涛,质量保证部,实验室技术员,2023-10-27,2023-11-07,4.0,需提高工作效率，减少错误率。,E001
ce24d718,张梅,临床研究部,项目经理,2024-10-19,2024-10-30,4.0,工作稳定，需进一步提升创新能力。,E005
73e80e8c,姬小红,临床研究部,实验室技术员,2024-09-23,2024-10-13,2.7,需提高工作效率，减少错误率。,E002
1515f402,李秀华,质量保证部,质量控制专员,2024-10-21,2024-11-04,4.6,需提高工作效率，减少错误率。,E004
76a945e0,孙晨,临床研究部,数据分析师,2024-10-15,2024-10-29,4.7,工作表现出色，超额完成任务目标。,E003
7ba89056,徐淑华,质量保证部,质量控制专员,2024-10-28,2024-11-06,4.6,工作表现出色，超额完成任务目标。,E005
7b5655fb,傅婷婷,研发部,研究员,2024-10-18,2024-11-04,4.6,需提高工作效率，减少错误率。,E002
4648de24,王英,质量保证部,实验室技术员,2024-10-01,2024-10-09,3.4,工作表现出色，超额完成任务目标。,E002
f07b33d3,李桂珍,质量保证部,项目经理,2024-09-21,2024-10-02,,,E002
97abff36,胡成,数据科学部,质量控制专员,2024-09-02,2024-09-15,2.7,工作态度积极，需加强专业技能。,E003
ce494ab5,梁健,数据科学部,研究员,2023-11-03,2023-11-12,3.6,工作表现出色，超额完成任务目标。,E005
00e0a9e9,韩红梅,数据科学部,研究员,2024-10-23,2024-11-02,需改进,工作态度积极，需加强专业技能。,E004
04aaf478,李龙,质量保证部,实验室技术员,2023-11-10,2023-11-19,,,E004
3215f2fa,王鹏,临床研究部,数据分析师,2024-09-15,2024-09-27,2.8,工作表现出色，超额完成任务目标。,E002
8b7cdfef,杨桂芝,临床研究部,数据分析师,2024-09-03,2024-09-24,,,E001
c9e9a4b1,刘飞,临床研究部,数据分析师,2024-10-11,2024-10-30,,,E002
9e4e0484,刘小红,数据科学部,质量控制专员,2024-10-07,2024-10-22,3.1,工作态度积极，需加强专业技能。,E005
736e2255,任浩,研发部,研究员,2024-09-16,2024-09-29,3.2,工作表现出色，超额完成任务目标。,E001
8f184c76,邹琳,临床研究部,数据分析师,2024-09-13,2024-10-03,2.7,工作表现出色，超额完成任务目标。,E005
ad35bff7,林军,研发部,实验室技术员,2024-09-19,2024-09-27,2.9,需提高工作效率，减少错误率。,E001
5216785a,刘秀云,研发部,项目经理,2024-10-21,2024-11-09,,,E005
3dc200d2,牟旭,质量保证部,实验室技术员,2024-09-26,2024-10-05,3.5,工作稳定，需进一步提升创新能力。,E005
1c7ce182,杨柳,质量保证部,数据分析师,2024-09-02,2024-09-12,4.4,工作表现出色，超额完成任务目标。,E001
6c42d3b6,叶云,临床研究部,质量控制专员,2023-10-04,2023-10-11,,,E002
de18a12a,郭兰英,数据科学部,项目经理,2024-10-06,2024-10-18,,,E002
afb60ae6,刘淑兰,质量保证部,质量控制专员,2023-11-09,2023-11-24,4.3,工作表现出色，超额完成任务目标。,E001
30c2e2b1,刘玉华,临床研究部,实验室技术员,2024-10-28,2024-11-14,4.1,需提高工作效率，减少错误率。,E002
f1bd2254,边凤兰,研发部,数据分析师,2024-09-08,2024-09-26,,,E005
cd52f729,向建华,临床研究部,质量控制专员,2024-09-06,2024-09-27,2.5,工作表现出色，超额完成任务目标。,E001
738ec534,陈静,研发部,研究员,2024-10-09,2024-10-29,4.4,需提高工作效率，减少错误率。,E001
a99f1efe,毕红梅,研发部,研究员,2023-10-26,2023-11-11,,,E001
dafe66f1,应杰,临床研究部,研究员,2024-10-11,2024-10-19,,,E005
e02116b9,汤秀兰,临床研究部,项目经理,2024-10-19,2024-11-03,3.2,工作态度积极，需加强专业技能。,E002
c3cd3d7d,韩博,质量保证部,质量控制专员,2024-09-18,2024-09-30,4.5,需提高工作效率，减少错误率。,E001
a1032397,邹秀珍,质量保证部,项目经理,2024-10-04,2024-10-14,,,E005
6bbc7bd4,邹兰英,研发部,研究员,2023-10-28,2023-11-13,4.9,工作稳定，需进一步提升创新能力。,E004
7b6d1457,路丹,质量保证部,数据分析师,2024-10-03,2024-10-19,良好,工作表现出色，超额完成任务目标。,E005
6f28e13b,权凯,研发部,项目经理,2024-10-23,2024-11-13,,,E003
64653baa,王文,质量保证部,研究员,2024-09-05,2024-09-13,,,E002
209abfec,高明,临床研究部,研究员,2024-10-15,2024-10-26,中等,工作态度积极，需加强专业技能。,E001
ea156e3a,许宇,质量保证部,实验室技术员,2024-09-03,2024-09-21,4.2,工作表现出色，超额完成任务目标。,E002
75ab3530,张秀云,临床研究部,项目经理,2024-09-13,2024-10-03,2.6,工作态度积极，需加强专业技能。,E004
c4663bdb,吴晨,临床研究部,项目经理,2023-10-02,2023-10-22,2.7,工作表现出色，超额完成任务目标。,E002
a78a0235,张艳,研发部,项目经理,2024-09-01,2024-09-09,3.4,工作表现出色，超额完成任务目标。,E002
04a57577,王建,研发部,质量控制专员,2024-09-06,2024-09-27,2.8,工作态度积极，需加强专业技能。,E005
e810a93f,沙丽华,临床研究部,实验室技术员,2023-10-06,2023-10-17,3.7,需提高工作效率，减少错误率。,E003
d4fe59fb,何华,质量保证部,项目经理,2024-10-16,2024-10-29,,,E005
28047c1a,金丹丹,研发部,项目经理,2024-09-21,2024-10-10,,,E005
323d5bd3,伍秀云,临床研究部,质量控制专员,2024-10-19,2024-11-04,4.5,工作态度积极，需加强专业技能。,E003
d2d43f6b,董凯,质量保证部,质量控制专员,2024-10-02,2024-10-21,,,E004
d437b912,张秀荣,数据科学部,实验室技术员,2024-10-18,2024-11-08,5.0,工作稳定，需进一步提升创新能力。,E001
28cdf93b,杨晶,临床研究部,数据分析师,2024-09-06,2024-09-16,3.9,需提高工作效率，减少错误率。,E005
cd5f8240,李瑜,临床研究部,研究员,2024-09-19,2024-09-29,3.4,工作表现出色，超额完成任务目标。,E004
6f1da9cc,蔡丽华,临床研究部,项目经理,2023-10-01,2023-10-16,,,E004
7c0fe25c,韦桂荣,数据科学部,质量控制专员,2023-11-02,2023-11-09,3.0,工作稳定，需进一步提升创新能力。,E002
fbde10a0,叶旭,研发部,实验室技术员,2024-10-19,2024-10-27,4.4,工作态度积极，需加强专业技能。,E003
56c86ac0,惠琳,临床研究部,实验室技术员,2024-10-21,2024-11-03,,,E002
4511cdea,徐桂芳,临床研究部,实验室技术员,2024-09-13,2024-09-24,4.7,工作态度积极，需加强专业技能。,E003
5faaa76b,刘明,质量保证部,实验室技术员,2024-09-06,2024-09-22,4.9,需提高工作效率，减少错误率。,E003
5e56de34,郭春梅,研发部,项目经理,2023-10-08,2023-10-20,3.1,工作表现出色，超额完成任务目标。,E003
77b4ade3,李玲,质量保证部,研究员,2024-09-23,2024-10-01,2.7,工作态度积极，需加强专业技能。,E003
c84deed2,夏建,研发部,质量控制专员,2024-10-06,2024-10-27,,,E004
030bcba2,王秀兰,研发部,质量控制专员,2024-09-06,2024-09-20,3.9,工作表现出色，超额完成任务目标。,E001
8e84cd87,郭宇,质量保证部,数据分析师,2024-09-03,2024-09-15,,,E002
658ff78e,冷桂芝,质量保证部,质量控制专员,2024-09-11,2024-09-27,,,E005
5720e611,贾涛,数据科学部,质量控制专员,2024-09-04,2024-09-16,3.6,工作稳定，需进一步提升创新能力。,E002
3e8c91c4,张桂芝,研发部,项目经理,2024-09-02,2024-09-15,3.9,工作态度积极，需加强专业技能。,E005
426845b1,陈建华,研发部,研究员,2024-10-07,2024-10-15,2.6,工作表现出色，超额完成任务目标。,E001
4b186580,刘萍,研发部,项目经理,2024-10-16,2024-10-30,需改进,需提高工作效率，减少错误率。,E003
4c4d7475,崔婷,研发部,项目经理,2024-10-02,2024-10-13,,,E004
2377a154,马涛,临床研究部,实验室技术员,2023-10-03,2023-10-20,,,E003
fd0de36a,施涛,质量保证部,质量控制专员,2024-10-18,2024-11-05,4.4,工作稳定，需进一步提升创新能力。,E004
7c661454,何飞,质量保证部,质量控制专员,2024-09-17,2024-10-03,,,E005
3cd447b7,魏丹,数据科学部,数据分析师,2024-09-07,2024-09-26,4.1,工作表现出色，超额完成任务目标。,E002
f28d4caa,单莹,临床研究部,实验室技术员,2024-09-27,2024-10-13,5.0,需提高工作效率，减少错误率。,E003
46d598ff,聂阳,临床研究部,研究员,2024-10-28,2024-11-09,4.5,工作表现出色，超额完成任务目标。,E005
4dcdc359,李云,临床研究部,研究员,2023-10-04,2023-10-20,4.5,需提高工作效率，减少错误率。,E001
0b09c55d,赵秀英,研发部,质量控制专员,2024-10-02,2024-10-11,4.7,需提高工作效率，减少错误率。,E003
a17f01f3,张静,质量保证部,研究员,2024-10-23,2024-11-03,4.2,需提高工作效率，减少错误率。,E001
b4b02ff8,李晶,临床研究部,质量控制专员,2024-10-09,2024-10-29,4.7,工作表现出色，超额完成任务目标。,E004
1d327ae9,王峰,临床研究部,实验室技术员,2024-10-25,2024-11-15,4.9,工作稳定，需进一步提升创新能力。,E003
f0c76e45,陈雪梅,临床研究部,数据分析师,2024-10-24,2024-11-08,4.1,工作稳定，需进一步提升创新能力。,E005
a10b0a89,侯萍,临床研究部,项目经理,2024-10-05,2024-10-24,3.8,工作稳定，需进一步提升创新能力。,E005
d5e40ce5,熊峰,数据科学部,项目经理,2024-09-08,2024-09-15,,,E004
7d95469b,卢敏,研发部,实验室技术员,2024-09-22,2024-09-29,3.0,工作态度积极，需加强专业技能。,E002
c6d8143a,吴波,研发部,项目经理,2024-09-27,2024-10-18,2.9,需提高工作效率，减少错误率。,E003
e59ab2ec,李红霞,质量保证部,质量控制专员,2024-09-28,2024-10-08,3.2,需提高工作效率，减少错误率。,E002
240c4edc,李玉英,质量保证部,项目经理,2023-10-16,2023-11-07,,,E002
4573ca4a,段利,数据科学部,实验室技术员,2024-10-14,2024-11-05,2.5,工作态度积极，需加强专业技能。,E004
ef04db5f,杨玉珍,数据科学部,研究员,2024-10-19,2024-10-27,3.0,工作态度积极，需加强专业技能。,E001
2e09802b,朱楠,质量保证部,质量控制专员,2024-10-10,2024-10-27,4.6,工作态度积极，需加强专业技能。,E001
53203208,陈冬梅,研发部,研究员,2024-10-07,2024-10-16,3.2,工作态度积极，需加强专业技能。,E005
a1ff8530,王红梅,数据科学部,研究员,2024-09-21,2024-10-05,4.5,需提高工作效率，减少错误率。,E003
c49e0a49,孙海燕,质量保证部,研究员,2024-09-11,2024-09-29,3.5,工作表现出色，超额完成任务目标。,E002
c149122c,范洋,研发部,项目经理,2024-09-10,2024-09-18,3.7,工作态度积极，需加强专业技能。,E004
e26885ca,黄帅,临床研究部,质量控制专员,2024-09-22,2024-10-13,,,E003
9aa002d2,韩秀兰,质量保证部,质量控制专员,2024-10-26,2024-11-17,,,E003
e93cdd3e,李秀梅,研发部,数据分析师,2024-09-16,2024-10-07,3.7,工作表现出色，超额完成任务目标。,E002
2aaf2e62,胡成,研发部,实验室技术员,2024-09-05,2024-09-15,3.5,工作态度积极，需加强专业技能。,E003
eb5d02c4,李坤,质量保证部,实验室技术员,2024-09-25,2024-10-03,4.8,需提高工作效率，减少错误率。,E004
8a7dd93d,何宁,临床研究部,项目经理,2024-09-19,2024-10-08,3.3,工作表现出色，超额完成任务目标。,E002
5d729751,马兵,数据科学部,实验室技术员,2024-10-13,2024-10-20,2.7,需提高工作效率，减少错误率。,E001
2c1949a3,吴芳,临床研究部,质量控制专员,2024-09-22,2024-09-29,4.9,工作态度积极，需加强专业技能。,E002
823298f3,赵辉,数据科学部,项目经理,2024-09-03,2024-09-23,3.3,工作表现出色，超额完成任务目标。,E001
b3fe14ed,吴勇,研发部,项目经理,2024-10-14,2024-11-05,,,E002
81225f88,张秀梅,研发部,质量控制专员,2024-10-01,2024-10-11,3.4,工作稳定，需进一步提升创新能力。,E002
5c79bf09,江小红,临床研究部,研究员,2024-09-04,2024-09-16,,,E001
69544c4d,王瑜,质量保证部,数据分析师,2023-10-21,2023-11-11,优秀,工作表现出色，超额完成任务目标。,E001
da1fc2e3,吴帆,质量保证部,质量控制专员,2023-10-10,2023-10-23,3.5,工作态度积极，需加强专业技能。,E001
af9ba059,俞佳,研发部,研究员,2023-10-17,2023-11-05,,,E005
b3edf68d,王瑞,研发部,研究员,2023-10-25,2023-11-06,,,E005
b1f33ba5,何岩,数据科学部,研究员,2024-09-23,2024-10-14,3.5,工作稳定，需进一步提升创新能力。,E004
38bea3d0,李宁,数据科学部,实验室技术员,2024-10-05,2024-10-13,,,E005
7f5f36e3,夏娟,数据科学部,质量控制专员,2024-10-15,2024-10-22,4.8,工作稳定，需进一步提升创新能力。,E001
d9a16c87,祝洋,临床研究部,数据分析师,2024-09-04,2024-09-24,良好,工作态度积极，需加强专业技能。,E001
b38c1241,梁健,临床研究部,数据分析师,2024-10-24,2024-11-02,2.9,工作态度积极，需加强专业技能。,E003
5e85f22d,刘浩,数据科学部,实验室技术员,2024-10-27,2024-11-10,,,E004
9a92d786,孔琳,研发部,研究员,2024-09-04,2024-09-17,4.5,工作表现出色，超额完成任务目标。,E005
73c29784,王云,数据科学部,质量控制专员,2024-09-16,2024-10-07,3.6,需提高工作效率，减少错误率。,E004
b95aa72b,毛桂花,研发部,项目经理,2023-10-22,2023-11-12,2.6,工作态度积极，需加强专业技能。,E003
5bcdc928,刘杨,研发部,数据分析师,2024-10-22,2024-11-09,4.0,需提高工作效率，减少错误率。,E004
bca52860,王璐,研发部,项目经理,2024-10-28,2024-11-12,需改进,需提高工作效率，减少错误率。,E002
fedff566,马飞,临床研究部,研究员,2024-10-13,2024-11-03,需改进,工作态度积极，需加强专业技能。,E002
215192c3,程凤兰,临床研究部,研究员,2023-11-24,2023-12-11,3.6,需提高工作效率，减少错误率。,E001
194281dc,吴瑞,数据科学部,研究员,2024-10-17,2024-11-02,3.9,工作表现出色，超额完成任务目标。,E002
4a03c965,王坤,质量保证部,实验室技术员,2024-10-18,2024-11-07,3.4,工作表现出色，超额完成任务目标。,E005
0f457476,郑强,质量保证部,实验室技术员,2024-09-01,2024-09-13,3.4,需提高工作效率，减少错误率。,E003
a3f3a42a,胡凤英,临床研究部,项目经理,2023-10-16,2023-10-25,3.2,工作态度积极，需加强专业技能。,E004
a22d1413,田丽,数据科学部,研究员,2024-09-23,2024-10-05,3.0,需提高工作效率，减少错误率。,E001
1ba1cf15,陈淑华,数据科学部,研究员,2024-09-25,2024-10-16,,,E004
d68bcf92,郑阳,研发部,项目经理,2024-10-27,2024-11-13,3.8,需提高工作效率，减少错误率。,E004
774f331d,韦建军,临床研究部,研究员,2023-11-22,2023-12-08,4.8,工作稳定，需进一步提升创新能力。,E005
e5344a05,刘秀兰,研发部,研究员,2024-10-15,2024-11-04,3.5,工作稳定，需进一步提升创新能力。,E002
9fff2274,吴玉华,数据科学部,数据分析师,2024-10-23,2024-11-11,4.7,工作态度积极，需加强专业技能。,E005
4b3f7782,王龙,研发部,项目经理,2024-10-22,2024-11-01,,,E002
e9790358,廖桂香,研发部,数据分析师,2024-10-22,2024-11-10,3.3,工作表现出色，超额完成任务目标。,E005
07f23d30,卫宇,质量保证部,质量控制专员,2023-10-07,2023-10-18,4.5,需提高工作效率，减少错误率。,E002
d6ffb5c2,张倩,临床研究部,项目经理,2024-09-12,2024-10-02,2.9,工作表现出色，超额完成任务目标。,E004
ab640258,陈玉华,数据科学部,数据分析师,2024-09-17,2024-10-06,4.3,工作稳定，需进一步提升创新能力。,E003
c8968465,范兰英,临床研究部,数据分析师,2024-10-18,2024-10-25,,,E001
41a7e2a7,张莹,临床研究部,实验室技术员,2024-10-27,2024-11-07,,,E003
3103dca6,黄丽丽,质量保证部,数据分析师,2023-10-06,2023-10-15,4.0,工作稳定，需进一步提升创新能力。,E005
0df28977,郝桂珍,研发部,质量控制专员,2024-09-19,2024-10-09,,,E003
5abda097,吴文,数据科学部,数据分析师,2024-09-25,2024-10-16,4.8,工作表现出色，超额完成任务目标。,E005
2c1c29f4,廖平,质量保证部,研究员,2024-09-06,2024-09-21,4.5,需提高工作效率，减少错误率。,E001
87d2aaf1,何玉英,临床研究部,项目经理,2024-10-08,2024-10-29,,,E002
8277255b,商强,质量保证部,实验室技术员,2024-09-04,2024-09-21,3.2,需提高工作效率，减少错误率。,E003
43990661,徐龙,研发部,实验室技术员,2024-10-13,2024-11-04,4.0,工作稳定，需进一步提升创新能力。,E001
b3dcf659,蔡燕,研发部,实验室技术员,2024-10-02,2024-10-13,3.2,工作态度积极，需加强专业技能。,E002
49a2d2c3,罗帆,临床研究部,质量控制专员,2024-09-21,2024-09-29,,,E002
fa5d0881,罗鑫,质量保证部,项目经理,2024-10-21,2024-11-11,4.7,需提高工作效率，减少错误率。,E001
6b743fec,薛秀英,质量保证部,研究员,2024-09-03,2024-09-10,,,E002
308d57b6,杨飞,研发部,质量控制专员,2024-10-21,2024-11-04,3.9,工作稳定，需进一步提升创新能力。,E004
653c87a2,李霞,数据科学部,研究员,2024-09-23,2024-10-13,2.8,工作表现出色，超额完成任务目标。,E001
06237d9e,李云,临床研究部,项目经理,2024-10-13,2024-10-26,3.2,工作态度积极，需加强专业技能。,E001
d7d587c0,王瑞,质量保证部,项目经理,2024-10-21,2024-10-30,2.8,需提高工作效率，减少错误率。,E003
abb767bf,叶雪,数据科学部,实验室技术员,2023-10-04,2023-10-11,4.5,工作态度积极，需加强专业技能。,E001
d0a6691d,武建华,研发部,质量控制专员,2024-10-07,2024-10-20,3.9,工作表现出色，超额完成任务目标。,E005
ceae9b9e,林金凤,数据科学部,项目经理,2024-09-06,2024-09-23,,,E005
8793753a,吴小红,临床研究部,质量控制专员,2023-10-09,2023-10-17,4.8,需提高工作效率，减少错误率。,E002
531edd61,刘凤兰,临床研究部,质量控制专员,2024-10-20,2024-10-28,3.3,工作稳定，需进一步提升创新能力。,E002
c6e1c181,蒋璐,临床研究部,研究员,2023-11-26,2023-12-08,4.0,工作态度积极，需加强专业技能。,E004
b61fd13f,刘波,临床研究部,质量控制专员,2024-10-16,2024-10-30,4.5,需提高工作效率，减少错误率。,E004
2726204a,包萍,质量保证部,实验室技术员,2023-11-28,2023-12-18,3.9,工作稳定，需进一步提升创新能力。,E002
49479897,廖丹丹,质量保证部,项目经理,2024-09-01,2024-09-21,,,E005
b233b4f0,王燕,质量保证部,数据分析师,2024-10-21,2024-11-10,3.9,工作稳定，需进一步提升创新能力。,E002
c5dc6b05,张桂珍,研发部,项目经理,2024-10-05,2024-10-19,,,E005
f07cdbae,黄伟,数据科学部,数据分析师,2024-09-25,2024-10-10,3.8,工作稳定，需进一步提升创新能力。,E002
7c2ccb14,李楠,数据科学部,项目经理,2024-09-24,2024-10-12,,,E004
edc9a883,张秀兰,质量保证部,质量控制专员,2024-10-12,2024-10-22,,,E001
8680b3e1,金霞,研发部,质量控制专员,2024-09-02,2024-09-19,4.5,需提高工作效率，减少错误率。,E003
661cf22d,杨岩,数据科学部,数据分析师,2024-09-13,2024-09-30,4.1,工作态度积极，需加强专业技能。,E004
9fcf5ef7,王建,质量保证部,实验室技术员,2024-10-12,2024-11-02,4.6,工作态度积极，需加强专业技能。,E003
c5eea17b,萧婷婷,质量保证部,研究员,2024-10-07,2024-10-16,4.0,工作稳定，需进一步提升创新能力。,E002
29b724b1,张帆,研发部,项目经理,2024-09-16,2024-10-03,4.5,工作稳定，需进一步提升创新能力。,E004
45e6ae4e,梁龙,研发部,项目经理,2023-10-05,2023-10-22,良好,需提高工作效率，减少错误率。,E005
a0b35eda,邢勇,质量保证部,质量控制专员,2023-11-20,2023-12-06,,,E001
aedb0429,曾平,研发部,项目经理,2024-10-28,2024-11-12,4.6,工作表现出色，超额完成任务目标。,E002
cd70505e,魏志强,临床研究部,研究员,2024-09-24,2024-10-11,2.9,工作稳定，需进一步提升创新能力。,E003
18fc2a1f,孙红梅,研发部,数据分析师,2023-10-17,2023-11-07,2.7,需提高工作效率，减少错误率。,E005
962d74b1,李玉,质量保证部,研究员,2024-09-26,2024-10-11,4.0,工作稳定，需进一步提升创新能力。,E005
f2b68c6a,郭金凤,数据科学部,数据分析师,2024-09-25,2024-10-12,,,E004
68968d1c,李芳,临床研究部,实验室技术员,2024-10-12,2024-10-28,良好,需提高工作效率，减少错误率。,E005
856fae65,蔡勇,研发部,项目经理,2024-09-10,2024-09-26,,,E005
afea5105,黄雪,数据科学部,研究员,2024-09-17,2024-09-24,,,E004
9a5d6eff,官小红,数据科学部,研究员,2024-10-09,2024-10-29,3.3,工作态度积极，需加强专业技能。,E005
b5138adb,黄军,临床研究部,质量控制专员,2024-10-06,2024-10-18,3.2,需提高工作效率，减少错误率。,E005
f69331ae,杨欣,数据科学部,数据分析师,2024-10-24,2024-11-03,,,E001
734ee702,王小红,临床研究部,质量控制专员,2024-10-26,2024-11-11,4.2,工作稳定，需进一步提升创新能力。,E005
1aabc30c,王刚,研发部,数据分析师,2024-10-20,2024-11-03,良好,工作表现出色，超额完成任务目标。,E001
4882738d,袁斌,数据科学部,数据分析师,2024-10-23,2024-11-09,4.0,需提高工作效率，减少错误率。,E001
adc7d7c6,朱晶,数据科学部,数据分析师,2024-10-07,2024-10-14,4.1,需提高工作效率，减少错误率。,E005
143aa0bd,赵颖,质量保证部,实验室技术员,2024-09-03,2024-09-14,4.0,工作表现出色，超额完成任务目标。,E004
9b37774c,尹军,质量保证部,项目经理,2023-10-18,2023-10-29,4.0,工作表现出色，超额完成任务目标。,E005
e00dcf8f,辛洁,临床研究部,质量控制专员,2024-10-13,2024-10-29,4.9,工作态度积极，需加强专业技能。,E001
d4dc8482,陈波,临床研究部,质量控制专员,2024-09-26,2024-10-11,2.8,工作表现出色，超额完成任务目标。,E003
c654782a,韩慧,质量保证部,实验室技术员,2024-09-25,2024-10-07,3.9,需提高工作效率，减少错误率。,E004
c6cc0f66,杨婷婷,研发部,项目经理,2023-10-22,2023-11-10,4.7,需提高工作效率，减少错误率。,E002
943d871f,陈云,质量保证部,研究员,2024-10-03,2024-10-16,良好,工作表现出色，超额完成任务目标。,E003
5d5deb09,罗伟,临床研究部,数据分析师,2024-09-16,2024-10-04,3.4,工作态度积极，需加强专业技能。,E002
a9ebbe6a,杨云,质量保证部,实验室技术员,2024-09-27,2024-10-13,,,E003
c7e48bab,王成,质量保证部,实验室技术员,2024-10-20,2024-10-27,,,E005
392ad1cc,杜静,质量保证部,数据分析师,2024-10-16,2024-10-25,3.4,工作态度积极，需加强专业技能。,E005
33d351b4,王亮,数据科学部,数据分析师,2023-11-16,2023-12-01,,,E001
bdc38100,王帅,临床研究部,数据分析师,2023-11-11,2023-11-29,良好,工作稳定，需进一步提升创新能力。,E001
3ae57f5e,俞丽,研发部,研究员,2024-10-08,2024-10-19,2.8,工作态度积极，需加强专业技能。,E004
cf03ca7d,金斌,研发部,质量控制专员,2024-10-12,2024-11-02,3.0,需提高工作效率，减少错误率。,E004
7acaeeb8,何雷,研发部,项目经理,2024-09-27,2024-10-05,,,E003
82c5142a,邱阳,研发部,质量控制专员,2024-09-16,2024-10-05,4.6,工作稳定，需进一步提升创新能力。,E001
7701f34f,孙倩,临床研究部,数据分析师,2024-09-13,2024-09-21,中等,工作态度积极，需加强专业技能。,E002
e3e2d98b,金兵,质量保证部,项目经理,2024-10-18,2024-11-03,4.1,需提高工作效率，减少错误率。,E003
ee1010d0,高畅,质量保证部,质量控制专员,2024-09-25,2024-10-06,3.4,工作稳定，需进一步提升创新能力。,E003
b8afa566,马杨,数据科学部,数据分析师,2024-10-15,2024-11-02,4.4,需提高工作效率，减少错误率。,E002
f735069b,颜东,数据科学部,实验室技术员,2024-09-03,2024-09-12,4.8,需提高工作效率，减少错误率。,E003
f035be90,宋健,质量保证部,实验室技术员,2024-10-25,2024-11-15,3.2,工作态度积极，需加强专业技能。,E003
b5d4f357,昝丹,研发部,数据分析师,2023-10-22,2023-11-03,3.6,工作稳定，需进一步提升创新能力。,E001
5f05c7da,邹玉华,质量保证部,质量控制专员,2023-11-17,2023-12-06,2.7,需提高工作效率，减少错误率。,E001
0fcb1b82,柯波,质量保证部,实验室技术员,2024-10-15,2024-11-02,2.7,需提高工作效率，减少错误率。,E002
7d55ad19,白海燕,临床研究部,研究员,2024-10-15,2024-11-05,2.6,工作态度积极，需加强专业技能。,E005
c5372818,裘林,质量保证部,实验室技术员,2024-10-17,2024-11-04,2.8,工作稳定，需进一步提升创新能力。,E005
03f2fa50,李旭,质量保证部,研究员,2024-10-05,2024-10-16,良好,工作表现出色，超额完成任务目标。,E001
5400bf4a,吴鹏,临床研究部,质量控制专员,2024-10-10,2024-10-17,3.7,工作表现出色，超额完成任务目标。,E004
b25a1670,雍帅,质量保证部,实验室技术员,2024-10-13,2024-10-23,4.5,工作态度积极，需加强专业技能。,E002
1910243b,刘平,数据科学部,质量控制专员,2024-09-17,2024-10-06,4.6,工作稳定，需进一步提升创新能力。,E005
fd81417a,刘雪,数据科学部,质量控制专员,2024-09-05,2024-09-16,3.2,工作态度积极，需加强专业技能。,E001
6cfee488,赵桂香,研发部,项目经理,2023-10-18,2023-10-25,3.2,需提高工作效率，减少错误率。,E002
2daf2354,王慧,临床研究部,实验室技术员,2024-09-08,2024-09-16,,,E002
37e46a75,李柳,质量保证部,项目经理,2024-10-12,2024-10-26,,,E001
adc44681,荆兵,研发部,项目经理,2024-10-06,2024-10-16,4.9,工作表现出色，超额完成任务目标。,E003
d7307804,周雪梅,数据科学部,实验室技术员,2024-09-24,2024-10-01,2.8,工作稳定，需进一步提升创新能力。,E002
e0eb47dc,范斌,研发部,研究员,2024-10-11,2024-10-20,3.8,工作稳定，需进一步提升创新能力。,E001
3c8a835c,程莹,临床研究部,实验室技术员,2023-10-28,2023-11-15,2.8,需提高工作效率，减少错误率。,E002
2468e481,骆岩,质量保证部,研究员,2023-11-19,2023-11-27,,,E004
3e9c36b2,杨佳,临床研究部,数据分析师,2024-10-23,2024-11-09,,,E002
f4f19912,李桂荣,质量保证部,项目经理,2023-11-25,2023-12-12,,,E001
5cd9e373,李利,质量保证部,实验室技术员,2024-10-26,2024-11-17,4.3,工作表现出色，超额完成任务目标。,E004
5fa08691,夏梅,研发部,项目经理,2024-10-02,2024-10-16,,,E004
c07306a4,潘燕,临床研究部,数据分析师,2024-10-09,2024-10-29,3.7,工作稳定，需进一步提升创新能力。,E005
81c5b68a,钟凯,研发部,项目经理,2024-10-15,2024-10-22,2.7,工作稳定，需进一步提升创新能力。,E005
c3b0ac5e,陈刚,研发部,项目经理,2024-09-11,2024-09-29,,,E001
c9f8b6b3,张帆,质量保证部,项目经理,2023-11-11,2023-11-24,3.5,需提高工作效率，减少错误率。,E003
51617483,覃坤,数据科学部,数据分析师,2023-10-16,2023-10-26,需改进,工作稳定，需进一步提升创新能力。,E001
9cec1287,罗阳,数据科学部,项目经理,2024-09-01,2024-09-22,3.8,工作态度积极，需加强专业技能。,E002
8d256233,袁萍,临床研究部,质量控制专员,2023-11-27,2023-12-09,4.6,需提高工作效率，减少错误率。,E001
37e2072a,张淑兰,质量保证部,质量控制专员,2023-11-03,2023-11-13,,,E005
355e3d89,方红,研发部,项目经理,2024-09-18,2024-10-06,3.8,工作稳定，需进一步提升创新能力。,E005
3cda3b48,邱丽娟,质量保证部,数据分析师,2024-10-23,2024-11-10,,,E004
035bcc98,马伟,数据科学部,项目经理,2024-10-22,2024-11-01,,,E005
2ab68415,沈成,研发部,质量控制专员,2024-10-14,2024-11-03,3.4,工作态度积极，需加强专业技能。,E004
f0f0ab14,曹淑华,数据科学部,项目经理,2024-10-12,2024-10-26,3.1,工作稳定，需进一步提升创新能力。,E004
3a856714,杨浩,质量保证部,质量控制专员,2024-09-17,2024-09-26,,,E003
da0f98e6,黄丽娟,数据科学部,项目经理,2024-10-18,2024-11-03,3.0,工作表现出色，超额完成任务目标。,E005
0b7732a8,姚阳,数据科学部,实验室技术员,2023-11-19,2023-11-29,2.7,需提高工作效率，减少错误率。,E002
ab37f5c9,贾英,数据科学部,质量控制专员,2024-10-06,2024-10-20,3.9,工作稳定，需进一步提升创新能力。,E005
85ca26b3,李小红,数据科学部,质量控制专员,2023-11-03,2023-11-22,,,E001
4d0ff55b,秦梅,数据科学部,数据分析师,2024-09-24,2024-10-11,4.7,需提高工作效率，减少错误率。,E005
828476b5,王芳,数据科学部,项目经理,2023-10-11,2023-10-26,4.1,工作表现出色，超额完成任务目标。,E002
1149483b,张英,临床研究部,质量控制专员,2024-09-08,2024-09-21,5.0,需提高工作效率，减少错误率。,E003
279b22e4,凌伟,质量保证部,实验室技术员,2024-09-18,2024-10-01,,,E003
bfd261af,邓林,数据科学部,质量控制专员,2024-09-16,2024-09-29,4.4,工作稳定，需进一步提升创新能力。,E005
b01e960f,殷勇,临床研究部,质量控制专员,2024-10-11,2024-10-28,需改进,工作稳定，需进一步提升创新能力。,E005
6c224ec2,丁凤英,数据科学部,质量控制专员,2024-10-06,2024-10-18,3.4,工作态度积极，需加强专业技能。,E005
2f50bce6,王玉梅,数据科学部,数据分析师,2024-09-22,2024-10-04,4.1,需提高工作效率，减少错误率。,E002
c45a8bfd,赵兵,数据科学部,研究员,2024-09-28,2024-10-18,优秀,工作表现出色，超额完成任务目标。,E003
a7cddfe6,刘畅,临床研究部,研究员,2024-09-18,2024-10-03,3.7,工作态度积极，需加强专业技能。,E003
5506e17b,王玉英,质量保证部,数据分析师,2024-09-09,2024-09-18,5.0,工作表现出色，超额完成任务目标。,E001
d3b01a3b,唐勇,质量保证部,项目经理,2024-09-13,2024-09-30,4.0,工作表现出色，超额完成任务目标。,E003
9eacf4d5,寇文,数据科学部,质量控制专员,2024-10-08,2024-10-21,3.4,工作表现出色，超额完成任务目标。,E005
767bbdf9,邓淑英,数据科学部,项目经理,2024-09-06,2024-09-16,,,E005
30be5032,刘波,数据科学部,数据分析师,2024-10-16,2024-10-29,中等,工作表现出色，超额完成任务目标。,E002
73aae8fc,陈秀云,临床研究部,实验室技术员,2024-10-27,2024-11-04,3.3,工作态度积极，需加强专业技能。,E005
fd5be561,栾丽华,质量保证部,研究员,2024-09-03,2024-09-21,,,E004
9e757c3f,鲁旭,研发部,质量控制专员,2024-10-10,2024-11-01,4.7,工作稳定，需进一步提升创新能力。,E005
ea673a13,刘凯,质量保证部,实验室技术员,2024-09-28,2024-10-07,3.0,工作稳定，需进一步提升创新能力。,E003
9e41bc71,杨婷,临床研究部,研究员,2024-09-21,2024-10-12,4.8,需提高工作效率，减少错误率。,E005
59667b1a,刘丽娟,研发部,质量控制专员,2024-09-24,2024-10-01,3.9,工作表现出色，超额完成任务目标。,E003
04b49e5c,周桂英,临床研究部,项目经理,2024-10-05,2024-10-24,3.5,需提高工作效率，减少错误率。,E002
cd764da6,柴欢,质量保证部,项目经理,2024-10-20,2024-11-06,,,E005
e1e55da2,张霞,质量保证部,研究员,2024-10-05,2024-10-20,,,E005
cb8534ed,勾霞,质量保证部,研究员,2023-10-08,2023-10-15,3.0,需提高工作效率，减少错误率。,E004
797d96fb,欧丽华,质量保证部,质量控制专员,2024-09-25,2024-10-05,,,E001
d4aef6d8,余岩,研发部,实验室技术员,2024-09-14,2024-09-27,3.6,需提高工作效率，减少错误率。,E001
8b887e71,黄萍,质量保证部,项目经理,2024-09-17,2024-09-25,4.3,需提高工作效率，减少错误率。,E004
08d174c5,张桂香,数据科学部,研究员,2024-09-18,2024-10-01,4.7,工作稳定，需进一步提升创新能力。,E005
a01004d2,魏博,临床研究部,项目经理,2024-10-15,2024-10-24,3.0,需提高工作效率，减少错误率。,E004
c52db734,张慧,研发部,数据分析师,2024-09-24,2024-10-09,4.2,工作稳定，需进一步提升创新能力。,E001
0a1ad410,刘瑜,临床研究部,实验室技术员,2024-09-06,2024-09-20,4.7,工作稳定，需进一步提升创新能力。,E005
0494fffb,夏帆,研发部,项目经理,2024-09-23,2024-10-11,需改进,工作表现出色，超额完成任务目标。,E001
5b47e166,袁峰,临床研究部,项目经理,2024-09-13,2024-09-28,良好,需提高工作效率，减少错误率。,E004
8b9b56e3,周玉梅,临床研究部,实验室技术员,2023-10-14,2023-10-25,3.9,工作稳定，需进一步提升创新能力。,E003
41eea349,施莉,研发部,研究员,2023-10-01,2023-10-17,需改进,工作稳定，需进一步提升创新能力。,E003
5c13ad3a,莫彬,数据科学部,实验室技术员,2024-09-19,2024-10-06,3.9,工作表现出色，超额完成任务目标。,E004
aeed906c,李洁,质量保证部,项目经理,2024-09-02,2024-09-11,中等,工作表现出色，超额完成任务目标。,E002
d0765f07,吴丽,数据科学部,项目经理,2024-10-11,2024-11-02,,,E001
b0b52112,温丽娟,研发部,质量控制专员,2024-09-15,2024-10-03,2.9,工作态度积极，需加强专业技能。,E005
3d778958,王雪,研发部,质量控制专员,2024-10-27,2024-11-05,,,E004
6abf228a,宫柳,数据科学部,数据分析师,2023-11-11,2023-11-26,,,E004
bbbb322d,郭丽丽,临床研究部,质量控制专员,2024-09-16,2024-10-04,4.0,工作表现出色，超额完成任务目标。,E005
ad1e9353,朱丽华,临床研究部,质量控制专员,2024-10-05,2024-10-21,3.2,工作态度积极，需加强专业技能。,E005
175aa541,柳鑫,研发部,数据分析师,2024-10-07,2024-10-14,优秀,工作稳定，需进一步提升创新能力。,E001
9b62a4b4,邱萍,质量保证部,质量控制专员,2024-09-01,2024-09-18,3.0,需提高工作效率，减少错误率。,E002
afc056f6,李玉梅,质量保证部,质量控制专员,2024-10-25,2024-11-02,,,E001
9cbd6437,柯瑞,研发部,研究员,2023-11-22,2023-12-06,4.3,工作表现出色，超额完成任务目标。,E004
28caa2f0,林健,数据科学部,项目经理,2024-10-15,2024-11-04,3.7,需提高工作效率，减少错误率。,E004
143cfb0b,耿淑华,研发部,项目经理,2024-10-18,2024-11-03,,,E001
159888ba,王婷,研发部,研究员,2023-10-11,2023-10-24,4.5,需提高工作效率，减少错误率。,E005
1b43b028,胡秀珍,研发部,数据分析师,2024-10-23,2024-10-30,3.5,工作表现出色，超额完成任务目标。,E003
7e9c2052,李秀云,数据科学部,实验室技术员,2024-10-06,2024-10-14,3.1,需提高工作效率，减少错误率。,E003
95c14bb3,许桂香,研发部,研究员,2024-09-07,2024-09-19,4.8,需提高工作效率，减少错误率。,E004
0250831b,冯秀珍,研发部,研究员,2023-10-07,2023-10-25,4.4,工作稳定，需进一步提升创新能力。,E001
779ca6ee,车杰,质量保证部,数据分析师,2023-10-11,2023-10-25,3.8,工作表现出色，超额完成任务目标。,E001
4ae427f5,李红霞,研发部,数据分析师,2024-09-11,2024-09-21,4.4,工作表现出色，超额完成任务目标。,E002
d3692894,黄浩,临床研究部,质量控制专员,2023-10-01,2023-10-17,4.4,工作表现出色，超额完成任务目标。,E005
32107d36,樊平,研发部,项目经理,2024-09-23,2024-10-12,,,E003
f98f204a,张建华,质量保证部,项目经理,2024-10-02,2024-10-11,,,E001
34bb7baa,刘秀梅,临床研究部,数据分析师,2024-10-20,2024-11-02,2.8,工作表现出色，超额完成任务目标。,E003
158151a4,李小红,质量保证部,实验室技术员,2024-09-25,2024-10-14,,,E004
65f31ec2,王柳,研发部,数据分析师,2024-09-15,2024-09-26,,,E004
e63f8fc1,林波,研发部,项目经理,2024-10-26,2024-11-16,2.9,工作态度积极，需加强专业技能。,E003
ea7277e6,景燕,数据科学部,实验室技术员,2024-10-28,2024-11-07,,,E003
8980b124,仇帆,临床研究部,研究员,2024-09-11,2024-09-26,2.8,工作表现出色，超额完成任务目标。,E001
e3edf9bd,熊晶,临床研究部,研究员,2024-09-16,2024-09-29,3.5,需提高工作效率，减少错误率。,E001
25070c11,殷刚,质量保证部,质量控制专员,2024-09-06,2024-09-23,4.0,需提高工作效率，减少错误率。,E001
48c38837,邓玉英,研发部,实验室技术员,2024-09-27,2024-10-11,4.6,工作表现出色，超额完成任务目标。,E002
9d39bc6f,陈成,研发部,研究员,2024-09-03,2024-09-13,4.0,需提高工作效率，减少错误率。,E002
f1cfc152,杨静,研发部,质量控制专员,2024-10-18,2024-10-29,4.1,工作表现出色，超额完成任务目标。,E004
3acd544f,王淑华,临床研究部,项目经理,2024-10-14,2024-11-02,3.0,工作态度积极，需加强专业技能。,E003
d005af06,徐华,质量保证部,质量控制专员,2024-09-12,2024-10-03,4.0,需提高工作效率，减少错误率。,E005
92b4fd6b,杨秀荣,数据科学部,研究员,2024-09-28,2024-10-09,,,E001
c2cb44e1,朱欢,研发部,实验室技术员,2024-10-18,2024-10-28,3.5,工作态度积极，需加强专业技能。,E002
bff29b3f,王欢,质量保证部,项目经理,2024-10-05,2024-10-16,,,E002
d6678b28,张琳,临床研究部,研究员,2024-10-22,2024-11-05,,,E002
1ad20c14,刘兵,数据科学部,实验室技术员,2024-10-20,2024-10-29,3.5,需提高工作效率，减少错误率。,E004
91e1bf72,华磊,数据科学部,研究员,2024-09-19,2024-10-03,3.6,工作态度积极，需加强专业技能。,E002
25c98aab,李敏,数据科学部,质量控制专员,2024-09-02,2024-09-18,,,E004
563ebe12,王丽,数据科学部,质量控制专员,2024-09-24,2024-10-12,,,E005
cf79a5d9,戴娟,数据科学部,项目经理,2024-09-08,2024-09-22,4.4,需提高工作效率，减少错误率。,E001
cb25aa32,韦建国,质量保证部,研究员,2024-09-16,2024-09-30,3.9,工作表现出色，超额完成任务目标。,E005
1bb54f28,常淑华,质量保证部,项目经理,2024-10-06,2024-10-13,3.3,工作态度积极，需加强专业技能。,E005
e7036c0c,张燕,研发部,实验室技术员,2024-09-22,2024-10-03,需改进,工作表现出色，超额完成任务目标。,E005
6ad0237c,杨军,数据科学部,项目经理,2024-10-09,2024-10-18,,,E005
eb83893b,魏辉,质量保证部,项目经理,2024-09-22,2024-10-06,2.5,工作表现出色，超额完成任务目标。,E003
99e76688,赵淑华,质量保证部,项目经理,2024-09-11,2024-09-19,,,E002
905b8c61,李玉兰,质量保证部,数据分析师,2024-10-24,2024-11-11,4.6,需提高工作效率，减少错误率。,E002
09f226ef,何辉,数据科学部,质量控制专员,2023-10-15,2023-10-28,3.4,工作态度积极，需加强专业技能。,E004
1fb520bf,仇雷,临床研究部,研究员,2024-10-09,2024-10-18,4.4,工作稳定，需进一步提升创新能力。,E005
f68fb414,王帆,研发部,质量控制专员,2024-10-17,2024-11-04,,,E001
be531f79,何晶,临床研究部,研究员,2024-10-11,2024-10-22,3.4,需提高工作效率，减少错误率。,E003
73663e2f,张丽,质量保证部,项目经理,2024-09-24,2024-10-11,,,E005
5d3bc5c9,赵桂英,数据科学部,实验室技术员,2023-10-27,2023-11-05,4.2,工作稳定，需进一步提升创新能力。,E001
5640a418,姜亮,临床研究部,质量控制专员,2024-09-02,2024-09-09,良好,工作态度积极，需加强专业技能。,E005
22ca2899,杨桂花,质量保证部,数据分析师,2024-10-22,2024-11-11,4.1,工作表现出色，超额完成任务目标。,E005
a266bc54,梁莉,研发部,实验室技术员,2023-11-15,2023-12-02,,,E001
db2cd7e2,段红,数据科学部,质量控制专员,2024-10-09,2024-10-18,3.2,需提高工作效率，减少错误率。,E001
5865cff6,朱娟,数据科学部,项目经理,2024-10-27,2024-11-08,,,E002
2c1faa6f,刘秀英,质量保证部,数据分析师,2024-09-18,2024-10-07,4.8,需提高工作效率，减少错误率。,E004
d9385b8b,胡畅,研发部,数据分析师,2023-11-25,2023-12-09,4.8,工作态度积极，需加强专业技能。,E001
804666dc,李晨,数据科学部,数据分析师,2024-10-09,2024-10-18,,,E003
3d86f4eb,李丹丹,临床研究部,数据分析师,2024-09-18,2024-09-28,3.8,需提高工作效率，减少错误率。,E001
55098677,陈丽,临床研究部,项目经理,2024-10-11,2024-10-28,4.4,工作表现出色，超额完成任务目标。,E003
50e839d3,施晶,数据科学部,质量控制专员,2024-10-03,2024-10-23,4.9,工作表现出色，超额完成任务目标。,E004
6e5cfc76,蒋洁,数据科学部,研究员,2024-10-22,2024-11-02,,,E003
62442851,宋欣,研发部,质量控制专员,2024-10-24,2024-11-04,优秀,工作态度积极，需加强专业技能。,E002
d6775870,陈斌,质量保证部,数据分析师,2024-10-16,2024-11-01,4.0,需提高工作效率，减少错误率。,E004
a99d4664,刘娜,研发部,质量控制专员,2024-09-13,2024-09-21,,,E002
4840e727,陶霞,临床研究部,数据分析师,2024-09-02,2024-09-20,3.6,工作稳定，需进一步提升创新能力。,E002
7b5819fb,朱桂兰,研发部,数据分析师,2024-09-23,2024-10-10,,,E002
eadb00aa,孙小红,数据科学部,实验室技术员,2023-10-27,2023-11-17,4.8,工作表现出色，超额完成任务目标。,E001
8636744f,姜帅,数据科学部,质量控制专员,2024-10-11,2024-10-19,4.0,工作表现出色，超额完成任务目标。,E005
1ee570ed,易萍,研发部,数据分析师,2024-10-03,2024-10-11,4.9,工作稳定，需进一步提升创新能力。,E003
38cfab76,盛娟,研发部,项目经理,2024-09-05,2024-09-13,4.2,工作稳定，需进一步提升创新能力。,E005
14565de9,周秀芳,研发部,数据分析师,2023-10-06,2023-10-27,,,E001
6590a1f0,楼桂英,数据科学部,质量控制专员,2024-10-17,2024-11-01,3.2,需提高工作效率，减少错误率。,E004
93b433b1,罗坤,质量保证部,数据分析师,2024-10-20,2024-10-28,,,E003
0f7c4959,严俊,质量保证部,项目经理,2023-10-20,2023-11-02,,,E005
2716dab1,李慧,研发部,质量控制专员,2023-10-22,2023-11-12,4.1,工作稳定，需进一步提升创新能力。,E004
450a00ca,陈文,数据科学部,实验室技术员,2023-11-10,2023-11-20,,,E004
01d2f26f,李桂花,质量保证部,实验室技术员,2024-09-06,2024-09-25,4.7,需提高工作效率，减少错误率。,E001
ab99c937,刘玉珍,数据科学部,实验室技术员,2024-10-14,2024-10-24,,,E003
cfc1c9d8,郑桂芳,数据科学部,实验室技术员,2024-10-28,2024-11-08,,,E004
9d709114,林燕,质量保证部,质量控制专员,2023-11-05,2023-11-15,,,E005
9ef81a59,郭莉,临床研究部,研究员,2024-09-11,2024-09-20,2.8,工作稳定，需进一步提升创新能力。,E001
f921aadc,何萍,临床研究部,数据分析师,2024-10-14,2024-10-23,,,E003
2963834a,孙建军,研发部,项目经理,2024-09-19,2024-10-04,,,E002
4944010b,张莹,研发部,数据分析师,2024-10-01,2024-10-19,3.7,工作稳定，需进一步提升创新能力。,E004
18c44955,唐莉,临床研究部,质量控制专员,2024-09-19,2024-10-10,,,E001
40358135,李春梅,质量保证部,数据分析师,2024-09-14,2024-09-29,,,E004
af66f278,侯淑珍,数据科学部,项目经理,2023-10-23,2023-11-11,4.6,需提高工作效率，减少错误率。,E004
2b457352,王秀兰,研发部,实验室技术员,2024-09-01,2024-09-15,,,E003
d1d0fe30,汤伟,数据科学部,数据分析师,2024-09-28,2024-10-16,3.9,工作表现出色，超额完成任务目标。,E004
633b21f0,曹涛,数据科学部,研究员,2023-11-17,2023-11-24,4.1,工作表现出色，超额完成任务目标。,E003
a8cecb1d,王玉兰,研发部,数据分析师,2024-09-26,2024-10-13,,,E001
81e6c30e,冯春梅,质量保证部,项目经理,2023-11-15,2023-12-01,4.8,工作态度积极，需加强专业技能。,E001
14477d5a,王林,临床研究部,实验室技术员,2023-10-05,2023-10-17,,,E002
a7e51a7c,袁琳,数据科学部,项目经理,2024-10-12,2024-11-03,4.3,工作稳定，需进一步提升创新能力。,E003
a6723350,杨涛,研发部,项目经理,2024-09-16,2024-10-04,2.6,工作态度积极，需加强专业技能。,E005
85b0a5e2,徐帅,研发部,项目经理,2024-09-07,2024-09-28,需改进,工作态度积极，需加强专业技能。,E004
7ddf9b8a,赵波,数据科学部,项目经理,2024-09-16,2024-09-25,3.2,工作表现出色，超额完成任务目标。,E002
b7b82310,罗洁,质量保证部,数据分析师,2024-09-10,2024-09-20,良好,工作稳定，需进一步提升创新能力。,E001
3921333b,尚宇,数据科学部,实验室技术员,2024-10-16,2024-11-02,3.8,工作态度积极，需加强专业技能。,E005
0307d0db,丁秀荣,研发部,质量控制专员,2024-10-08,2024-10-22,3.3,工作稳定，需进一步提升创新能力。,E003
bf1557eb,刘霞,质量保证部,研究员,2024-09-23,2024-10-08,2.6,工作态度积极，需加强专业技能。,E003
b4dad3a5,张旭,数据科学部,质量控制专员,2024-09-06,2024-09-16,,,E001
d787d0c6,陈丹,质量保证部,数据分析师,2024-09-22,2024-10-04,2.8,工作态度积极，需加强专业技能。,E003
4a2c4bd3,党秀华,数据科学部,研究员,2023-11-25,2023-12-04,4.9,工作态度积极，需加强专业技能。,E004
6fa0c67c,陈桂芝,临床研究部,实验室技术员,2024-10-21,2024-11-09,,,E003
1b9d5fa9,李玉珍,研发部,项目经理,2024-09-26,2024-10-12,,,E004
d6c0922e,喻晨,质量保证部,数据分析师,2023-10-10,2023-10-17,,,E004
c3fbd78f,赖建华,临床研究部,研究员,2024-09-19,2024-10-04,,,E002
afa6a940,蒋璐,数据科学部,项目经理,2024-09-17,2024-09-30,3.0,工作表现出色，超额完成任务目标。,E002
2072506d,叶秀华,质量保证部,数据分析师,2024-09-23,2024-10-13,3.8,工作表现出色，超额完成任务目标。,E004
402c499b,张颖,研发部,数据分析师,2024-09-07,2024-09-25,3.2,工作态度积极，需加强专业技能。,E004
726dfa8d,陈雪梅,数据科学部,数据分析师,2024-10-24,2024-11-15,3.6,工作稳定，需进一步提升创新能力。,E004
01cdd7ba,王雪,研发部,实验室技术员,2024-10-03,2024-10-24,2.7,工作稳定，需进一步提升创新能力。,E005
3f467479,龚秀梅,临床研究部,研究员,2024-10-06,2024-10-21,,,E004
99996d9f,段龙,数据科学部,研究员,2024-10-02,2024-10-22,2.8,工作稳定，需进一步提升创新能力。,E003
21b1fc16,林健,研发部,项目经理,2024-09-09,2024-09-20,3.9,需提高工作效率，减少错误率。,E004
f5145cb9,余琴,研发部,实验室技术员,2024-09-01,2024-09-09,3.2,工作稳定，需进一步提升创新能力。,E003
68fba507,李瑞,数据科学部,质量控制专员,2024-10-21,2024-11-08,4.0,工作态度积极，需加强专业技能。,E004
e5d780ed,刘秀华,数据科学部,质量控制专员,2023-10-05,2023-10-17,3.4,工作表现出色，超额完成任务目标。,E004
d54696b8,杨雪,研发部,研究员,2024-10-21,2024-11-12,,,E003
b571f14d,方龙,研发部,项目经理,2023-10-25,2023-11-12,,,E002
ec254ae2,韩龙,临床研究部,质量控制专员,2024-10-09,2024-10-26,中等,工作态度积极，需加强专业技能。,E003
5d4bfc96,雷兰英,数据科学部,项目经理,2024-10-06,2024-10-14,2.5,工作态度积极，需加强专业技能。,E002
10eaa9d8,张帅,数据科学部,实验室技术员,2024-09-14,2024-09-28,,,E001
d77ae857,张博,质量保证部,质量控制专员,2024-10-05,2024-10-25,,,E004
c8081924,唐颖,临床研究部,项目经理,2024-09-08,2024-09-17,4.4,工作态度积极，需加强专业技能。,E002
a1b40c47,喻桂珍,质量保证部,研究员,2024-09-03,2024-09-10,3.0,工作表现出色，超额完成任务目标。,E004
75b30b1b,晋娜,数据科学部,研究员,2024-09-16,2024-09-24,,,E003
80e6aa91,赵云,研发部,数据分析师,2024-09-19,2024-10-10,2.5,工作表现出色，超额完成任务目标。,E002
93e0c429,张淑华,质量保证部,研究员,2024-09-28,2024-10-13,2.7,工作态度积极，需加强专业技能。,E005
12ee3c62,杜玉兰,临床研究部,项目经理,2024-10-06,2024-10-27,优秀,工作表现出色，超额完成任务目标。,E005
dc93b694,李波,研发部,研究员,2024-10-22,2024-10-30,4.8,需提高工作效率，减少错误率。,E002
a219d323,林坤,质量保证部,数据分析师,2024-10-04,2024-10-18,3.6,工作稳定，需进一步提升创新能力。,E001
11a55238,程博,质量保证部,数据分析师,2023-11-16,2023-11-24,3.4,工作态度积极，需加强专业技能。,E004
2596bc41,刘颖,数据科学部,质量控制专员,2024-10-07,2024-10-27,3.3,需提高工作效率，减少错误率。,E001
744800d6,王帅,研发部,数据分析师,2024-10-22,2024-10-30,4.8,工作态度积极，需加强专业技能。,E004
9d014d61,胡桂兰,临床研究部,实验室技术员,2024-09-24,2024-10-15,良好,工作稳定，需进一步提升创新能力。,E002
366e534b,陈琳,研发部,研究员,2024-10-09,2024-10-28,4.0,需提高工作效率，减少错误率。,E005
e3dab046,曾静,研发部,研究员,2024-10-16,2024-11-01,4.5,需提高工作效率，减少错误率。,E003
1662c8f9,杨凤英,数据科学部,项目经理,2024-09-01,2024-09-09,2.8,需提高工作效率，减少错误率。,E001
2a437b9c,李霞,数据科学部,项目经理,2024-09-10,2024-09-26,优秀,工作稳定，需进一步提升创新能力。,E005
55648324,魏桂英,研发部,研究员,2024-10-16,2024-11-01,3.8,需提高工作效率，减少错误率。,E003
cc57de07,卓桂兰,研发部,实验室技术员,2023-11-04,2023-11-17,3.9,工作表现出色，超额完成任务目标。,E004
0a1955f4,韩颖,研发部,实验室技术员,2024-10-23,2024-11-02,3.6,工作表现出色，超额完成任务目标。,E004
59aee33a,许宇,临床研究部,质量控制专员,2024-10-16,2024-11-01,3.5,工作表现出色，超额完成任务目标。,E002
8a297c04,王勇,研发部,项目经理,2024-10-11,2024-10-18,3.7,需提高工作效率，减少错误率。,E001
5c2c758e,王琳,临床研究部,数据分析师,2024-09-25,2024-10-16,,,E003
f773090d,潘雷,质量保证部,质量控制专员,2024-09-08,2024-09-25,5.0,需提高工作效率，减少错误率。,E003
0a693b11,张芳,质量保证部,数据分析师,2023-11-02,2023-11-16,2.7,工作态度积极，需加强专业技能。,E004
c7c3c9f1,程秀英,质量保证部,实验室技术员,2024-10-19,2024-11-02,3.2,需提高工作效率，减少错误率。,E003
f44e6b05,陈坤,研发部,数据分析师,2024-10-06,2024-10-22,2.8,工作稳定，需进一步提升创新能力。,E003
b1eb394f,王波,质量保证部,质量控制专员,2024-10-09,2024-10-16,3.7,工作表现出色，超额完成任务目标。,E003
495c2c64,刘雪,质量保证部,数据分析师,2024-10-09,2024-10-17,3.1,工作表现出色，超额完成任务目标。,E005
cbfd988c,毕静,数据科学部,数据分析师,2024-10-14,2024-11-01,3.0,工作表现出色，超额完成任务目标。,E005
d571a25e,潘兵,数据科学部,项目经理,2024-09-21,2024-10-09,3.1,需提高工作效率，减少错误率。,E005
f1c54038,姚楠,数据科学部,研究员,2024-10-19,2024-11-07,3.0,需提高工作效率，减少错误率。,E001
325ca549,雷秀英,质量保证部,数据分析师,2024-10-14,2024-10-26,2.9,工作稳定，需进一步提升创新能力。,E001
86f0c7ee,张慧,数据科学部,项目经理,2024-09-13,2024-09-23,3.2,工作态度积极，需加强专业技能。,E001
0214d67a,黄雪梅,研发部,质量控制专员,2024-10-18,2024-11-01,,,E004
9b595eda,扈红霞,研发部,质量控制专员,2023-11-26,2023-12-15,,,E003
71b9f011,高琴,研发部,数据分析师,2024-10-26,2024-11-03,,,E001
4f97f65e,杜岩,数据科学部,质量控制专员,2024-10-12,2024-10-29,,,E001
57b3ceec,李文,质量保证部,项目经理,2024-09-17,2024-10-04,4.6,工作稳定，需进一步提升创新能力。,E005
d73d2847,向想,研发部,实验室技术员,2023-11-11,2023-12-01,3.1,工作表现出色，超额完成任务目标。,E005
11b60120,周楠,研发部,数据分析师,2023-10-09,2023-10-23,4.4,需提高工作效率，减少错误率。,E004
69a0380c,高兵,数据科学部,实验室技术员,2023-11-16,2023-12-03,3.7,工作态度积极，需加强专业技能。,E002
e3475950,刘兵,研发部,实验室技术员,2024-10-01,2024-10-18,优秀,工作态度积极，需加强专业技能。,E005
9ffca4c0,李平,数据科学部,数据分析师,2024-10-26,2024-11-13,4.5,工作稳定，需进一步提升创新能力。,E001
586859b8,邵坤,研发部,质量控制专员,2023-11-09,2023-11-20,,,E001
e5387bef,鞠欢,临床研究部,质量控制专员,2024-10-26,2024-11-03,3.2,工作稳定，需进一步提升创新能力。,E003
53c5dfda,康静,研发部,数据分析师,2024-10-23,2024-11-06,4.9,需提高工作效率，减少错误率。,E001
ca84f35e,杨洁,临床研究部,研究员,2024-10-15,2024-11-03,3.8,工作态度积极，需加强专业技能。,E001
