员工ID,姓名,部门,课程名称,开始日期,完成状态,得分
9622cf8c,崔丽华,数据科学部,生物信息学入门,2025-04-19,已完成,97
9622cf8c,崔丽华,数据科学部,高级财务管理,2025-04-25,已完成,71
f807a2b8,赵利,临床研究部,项目管理基础,2022-10-19,已完成,
4a2d4e93,刘莹,研发部,高级财务管理,2022-05-23,已完成,
4a2d4e93,刘莹,研发部,质量控制与合规性,2022-10-23,已完成,67
860d1307,毛帅,研发部,质量控制与合规性,2025-02-14,已完成,71
860d1307,毛帅,研发部,实验室安全规范,2025-01-05,已完成,64
860d1307,毛帅,研发部,实验室安全规范,2025-02-18,已完成,80
6629bdb6,戴建,临床研究部,项目管理基础,2025-01-28,已完成,63
e046bf5c,朱桂芳,临床研究部,项目管理基础,2025-04-24,已完成,72
d4cbc927,陶红霞,质量保证部,质量控制与合规性,2025-04-04,已完成,73
09d12727,郭萍,临床研究部,药物研发流程培训,2022-06-14,已完成,
09d12727,郭萍,临床研究部,项目管理基础,2025-04-10,已完成,
09d12727,郭萍,临床研究部,项目管理基础,2025-04-10,已完成,
e1b0fdbe,谭娜,数据科学部,生物信息学入门,2025-04-26,已完成,69
e64c3223,康欣,数据科学部,生物信息学入门,2025-04-24,已完成,91
e64c3223,康欣,数据科学部,市场营销策略,2025-04-22,已完成,64
e64c3223,康欣,数据科学部,药物研发流程培训,2025-03-29,已完成,82
329c23eb,梁英,质量保证部,药物研发流程培训,2022-12-22,已完成,81
329c23eb,梁英,质量保证部,实验室安全规范,2025-04-14,已完成,71
329c23eb,梁英,质量保证部,生物信息学入门,2025-04-04,已完成,
990b0080,林利,数据科学部,项目管理基础,2025-03-20,已完成,
990b0080,林利,数据科学部,数据分析与可视化,2023-01-17,已完成,
26da1591,娄利,质量保证部,药物研发流程培训,2025-04-18,已完成,79
26da1591,娄利,质量保证部,高级财务管理,2022-12-17,已完成,61
fbd0b17c,万柳,研发部,生物信息学入门,2024-12-31,已完成,89
6d1f4e22,毛霞,数据科学部,质量控制与合规性,2022-06-07,已完成,64
6d1f4e22,毛霞,数据科学部,生物信息学入门,2025-01-19,已完成,
6d1f4e22,毛霞,数据科学部,数据分析与可视化,2022-09-10,已完成,68
7fd96afa,徐雪,研发部,项目管理基础,2023-01-11,已完成,97
c172af48,龙荣,研发部,质量控制与合规性,2025-04-17,已完成,72
c172af48,龙荣,研发部,生物信息学入门,2022-11-12,已完成,80
c172af48,龙荣,研发部,质量控制与合规性,2025-04-16,已完成,
5991286b,陈秀英,质量保证部,数据分析与可视化,2025-04-15,已完成,67
5991286b,陈秀英,质量保证部,数据分析与可视化,2025-03-30,已完成,95
5991286b,陈秀英,质量保证部,质量控制与合规性,2022-09-14,已完成,
3d9119e4,孙淑珍,数据科学部,药物研发流程培训,2022-12-22,已完成,65
85570db9,刘刚,数据科学部,质量控制与合规性,2025-02-27,已完成,86
85570db9,刘刚,数据科学部,项目管理基础,2022-07-16,已完成,73
85570db9,刘刚,数据科学部,高级财务管理,2025-03-03,已完成,71
f3c3a0c6,张莉,研发部,高级财务管理,2025-03-07,已完成,79
f3c3a0c6,张莉,研发部,市场营销策略,2025-02-24,已完成,
f3c3a0c6,张莉,研发部,质量控制与合规性,2025-02-19,已完成,89
58066554,詹淑兰,临床研究部,药物研发流程培训,2025-04-10,已完成,90
41000015,卢春梅,质量保证部,生物信息学入门,2025-04-20,已完成,73
ecca9bc0,王凤英,临床研究部,药物研发流程培训,2023-03-18,已完成,
ecca9bc0,王凤英,临床研究部,高级财务管理,2025-03-04,已完成,91
75b443fd,梁梅,临床研究部,质量控制与合规性,2025-04-16,已完成,72
75b443fd,梁梅,临床研究部,数据分析与可视化,2025-04-24,已完成,80
75b443fd,梁梅,临床研究部,市场营销策略,2025-04-16,已完成,84
ed966e53,黄林,质量保证部,数据分析与可视化,2025-03-30,已完成,99
ed966e53,黄林,质量保证部,数据分析与可视化,2025-03-14,已完成,72
bdfdf0d5,陈丽丽,临床研究部,药物研发流程培训,2025-04-20,已完成,63
a3992568,卜凯,质量保证部,数据分析与可视化,2025-04-24,已完成,74
a3992568,卜凯,质量保证部,生物信息学入门,2025-01-22,已完成,70
858abb37,管洋,临床研究部,质量控制与合规性,2025-04-14,已完成,73
858abb37,管洋,临床研究部,实验室安全规范,2025-03-24,已完成,
bb5158e1,赵伟,临床研究部,质量控制与合规性,2025-01-28,已完成,97
bb5158e1,赵伟,临床研究部,药物研发流程培训,2022-04-29,已完成,62
2f588a1c,王桂花,质量保证部,项目管理基础,2025-01-25,已完成,90
2aa63b4c,王玉梅,临床研究部,数据分析与可视化,2025-02-17,已完成,
2aa63b4c,王玉梅,临床研究部,项目管理基础,2025-03-07,已完成,68
bb205102,李亮,质量保证部,项目管理基础,2025-04-14,已完成,70
1e854007,麦平,研发部,项目管理基础,2025-04-11,已完成,68
07a22b9d,郭林,质量保证部,生物信息学入门,2022-07-21,已完成,100
07a22b9d,郭林,质量保证部,项目管理基础,2025-02-14,已完成,81
4bba217d,金梅,质量保证部,市场营销策略,2025-04-25,已完成,73
4bba217d,金梅,质量保证部,生物信息学入门,2025-04-26,已完成,92
4bba217d,金梅,质量保证部,药物研发流程培训,2025-04-25,已完成,
64dac117,刘淑英,数据科学部,生物信息学入门,2025-04-06,已完成,64
e18e5fea,杨东,数据科学部,数据分析与可视化,2025-04-10,已完成,90
e18e5fea,杨东,数据科学部,生物信息学入门,2025-04-22,已完成,74
b658979f,赵旭,数据科学部,实验室安全规范,2025-02-27,已完成,
b658979f,赵旭,数据科学部,质量控制与合规性,2025-04-16,已完成,67
ae0f568c,杨桂荣,质量保证部,项目管理基础,2025-02-22,已完成,64
ae0f568c,杨桂荣,质量保证部,药物研发流程培训,2025-03-28,已完成,
94edd63a,李桂芳,临床研究部,数据分析与可视化,2025-03-21,已完成,69
4b68afb5,董杰,临床研究部,药物研发流程培训,2025-03-15,已完成,94
4b68afb5,董杰,临床研究部,高级财务管理,2025-04-06,已完成,61
4b68afb5,董杰,临床研究部,质量控制与合规性,2025-03-19,已完成,86
6ca09be2,赵琴,临床研究部,质量控制与合规性,2025-03-01,已完成,93
6ca09be2,赵琴,临床研究部,实验室安全规范,2025-04-06,已完成,79
38a20b2d,马春梅,数据科学部,药物研发流程培训,2024-12-03,已完成,
38a20b2d,马春梅,数据科学部,质量控制与合规性,2025-01-16,已完成,94
8b625c98,吴丹,研发部,市场营销策略,2025-02-21,已完成,70
8b625c98,吴丹,研发部,质量控制与合规性,2025-03-13,已完成,
8b625c98,吴丹,研发部,质量控制与合规性,2025-03-10,已完成,80
c8b44b19,崔志强,临床研究部,质量控制与合规性,2025-04-02,已完成,61
4849221c,张燕,研发部,实验室安全规范,2025-04-25,已完成,
4849221c,张燕,研发部,质量控制与合规性,2025-04-26,已完成,78
4c5318f7,赵芳,研发部,生物信息学入门,2024-12-24,已完成,
4c5318f7,赵芳,研发部,项目管理基础,2024-11-06,已完成,67
4c5318f7,赵芳,研发部,数据分析与可视化,2025-01-04,已完成,67
7c6aefb4,郑桂英,质量保证部,实验室安全规范,2022-10-09,已完成,
7c6aefb4,郑桂英,质量保证部,市场营销策略,2025-04-24,已完成,77
6051d601,卓丹,质量保证部,质量控制与合规性,2025-03-26,已完成,91
77344b3f,都俊,临床研究部,实验室安全规范,2025-03-21,已完成,87
77344b3f,都俊,临床研究部,实验室安全规范,2025-04-04,已完成,79
77344b3f,都俊,临床研究部,药物研发流程培训,2025-04-26,已完成,88
2d7e8e85,邵欢,数据科学部,生物信息学入门,2025-03-11,已完成,87
c106aa59,陈秀兰,质量保证部,药物研发流程培训,2025-03-20,已完成,
c106aa59,陈秀兰,质量保证部,质量控制与合规性,2025-04-05,已完成,64
c106aa59,陈秀兰,质量保证部,项目管理基础,2025-04-16,已完成,
97a32e16,张春梅,临床研究部,项目管理基础,2025-04-18,已完成,68
97a32e16,张春梅,临床研究部,实验室安全规范,2025-04-20,已完成,62
97a32e16,张春梅,临床研究部,质量控制与合规性,2025-04-18,已完成,95
afde69db,宿莉,研发部,实验室安全规范,2025-04-12,已完成,100
95998688,杨桂芝,临床研究部,项目管理基础,2025-04-10,已完成,
95998688,杨桂芝,临床研究部,药物研发流程培训,2025-04-18,已完成,
45855bd9,罗浩,研发部,实验室安全规范,2024-12-20,已完成,96
45855bd9,罗浩,研发部,生物信息学入门,2024-12-20,已完成,67
45855bd9,罗浩,研发部,药物研发流程培训,2025-03-03,已完成,70
16337db9,温宇,研发部,数据分析与可视化,2025-04-21,已完成,63
16337db9,温宇,研发部,实验室安全规范,2024-09-28,已完成,
16337db9,温宇,研发部,高级财务管理,2025-02-09,已完成,100
3fc04348,白雪,临床研究部,生物信息学入门,2025-04-22,已完成,77
3fc04348,白雪,临床研究部,市场营销策略,2025-04-23,已完成,82
70c2cc23,郭兰英,临床研究部,项目管理基础,2023-01-03,已完成,70
70c2cc23,郭兰英,临床研究部,数据分析与可视化,2025-04-26,已完成,95
067d3d81,周倩,质量保证部,生物信息学入门,2024-12-22,已完成,67
067d3d81,周倩,质量保证部,药物研发流程培训,2025-01-24,已完成,61
067d3d81,周倩,质量保证部,实验室安全规范,2024-12-16,已完成,
218f3156,赵畅,质量保证部,数据分析与可视化,2024-07-29,已完成,61
218f3156,赵畅,质量保证部,数据分析与可视化,2025-03-02,已完成,69
85f812b7,王淑珍,研发部,项目管理基础,2022-09-29,已完成,67
da052be0,袁帅,质量保证部,数据分析与可视化,2025-01-18,已完成,
5d91cc81,李峰,研发部,高级财务管理,2025-04-26,已完成,
79b62948,王桂英,质量保证部,数据分析与可视化,2024-11-02,已完成,72
79b62948,王桂英,质量保证部,药物研发流程培训,2025-04-06,已完成,
79b62948,王桂英,质量保证部,质量控制与合规性,2025-02-12,已完成,70
1cc134b2,尹玉梅,临床研究部,质量控制与合规性,2025-02-28,已完成,
1cc134b2,尹玉梅,临床研究部,质量控制与合规性,2025-02-12,已完成,72
1cc134b2,尹玉梅,临床研究部,质量控制与合规性,2025-01-30,已完成,
b60b0106,司刚,质量保证部,项目管理基础,2024-11-08,已完成,97
b60b0106,司刚,质量保证部,药物研发流程培训,2024-09-08,已完成,
b60b0106,司刚,质量保证部,数据分析与可视化,2023-01-12,已完成,86
3f22302e,刘宇,临床研究部,质量控制与合规性,2025-04-13,已完成,
dcde80d0,罗雷,临床研究部,药物研发流程培训,2025-04-26,已完成,67
188994a7,孙林,研发部,项目管理基础,2025-04-05,已完成,86
188994a7,孙林,研发部,数据分析与可视化,2025-03-27,已完成,90
188994a7,孙林,研发部,药物研发流程培训,2025-02-27,已完成,91
f550c4af,焦柳,研发部,药物研发流程培训,2025-04-17,已完成,
f550c4af,焦柳,研发部,药物研发流程培训,2022-09-02,已完成,70
f550c4af,焦柳,研发部,实验室安全规范,2022-10-04,已完成,85
ee27dec7,黄建军,临床研究部,生物信息学入门,2025-01-05,已完成,97
ee27dec7,黄建军,临床研究部,生物信息学入门,2025-01-20,已完成,82
9e0d9912,黄平,质量保证部,质量控制与合规性,2022-07-07,已完成,89
9e0d9912,黄平,质量保证部,项目管理基础,2022-06-25,已完成,68
5655abee,刘军,研发部,生物信息学入门,2025-04-18,已完成,
5655abee,刘军,研发部,高级财务管理,2025-03-17,已完成,
7acd7b6e,王云,临床研究部,项目管理基础,2025-04-23,已完成,72
7acd7b6e,王云,临床研究部,质量控制与合规性,2025-04-15,已完成,81
7acd7b6e,王云,临床研究部,药物研发流程培训,2025-04-19,已完成,62
c0334c5f,谢楠,质量保证部,市场营销策略,2025-02-25,已完成,88
c0334c5f,谢楠,质量保证部,生物信息学入门,2025-04-04,已完成,
9198e786,苏海燕,数据科学部,质量控制与合规性,2025-02-09,已完成,95
4a0f7b4e,周玉华,临床研究部,质量控制与合规性,2025-02-10,已完成,
85d0bbad,吴林,临床研究部,高级财务管理,2025-01-13,已完成,78
85d0bbad,吴林,临床研究部,数据分析与可视化,2025-04-24,已完成,82
85d0bbad,吴林,临床研究部,生物信息学入门,2025-02-20,已完成,66
354fd968,金雪梅,临床研究部,生物信息学入门,2025-01-16,已完成,75
cacbaf77,赵红梅,数据科学部,实验室安全规范,2025-04-13,已完成,
cacbaf77,赵红梅,数据科学部,实验室安全规范,2025-04-13,已完成,
961eca30,雷秀芳,研发部,项目管理基础,2024-09-04,已完成,86
961eca30,雷秀芳,研发部,质量控制与合规性,2025-02-21,已完成,
961eca30,雷秀芳,研发部,实验室安全规范,2023-02-20,已完成,91
5adf941c,刘玉英,临床研究部,生物信息学入门,2025-02-08,已完成,99
5adf941c,刘玉英,临床研究部,数据分析与可视化,2025-02-16,已完成,64
5adf941c,刘玉英,临床研究部,实验室安全规范,2025-04-03,已完成,79
1072c0f5,沈娜,临床研究部,药物研发流程培训,2022-10-04,已完成,97
1072c0f5,沈娜,临床研究部,药物研发流程培训,2025-04-22,已完成,93
1072c0f5,沈娜,临床研究部,药物研发流程培训,2025-04-05,已完成,79
3c74a3f9,朱玉,质量保证部,数据分析与可视化,2025-04-26,已完成,76
3c74a3f9,朱玉,质量保证部,质量控制与合规性,2022-09-19,已完成,
56cf866e,张磊,研发部,项目管理基础,2024-11-19,已完成,89
56cf866e,张磊,研发部,质量控制与合规性,2025-02-01,已完成,87
56cf866e,张磊,研发部,药物研发流程培训,2025-02-15,已完成,83
48b9dac2,刘红梅,质量保证部,项目管理基础,2025-04-24,已完成,64
48b9dac2,刘红梅,质量保证部,实验室安全规范,2025-04-20,已完成,70
82c3ef6a,王彬,研发部,数据分析与可视化,2025-03-10,已完成,
66b2e0be,杨雪梅,研发部,项目管理基础,2025-02-04,已完成,62
66b2e0be,杨雪梅,研发部,药物研发流程培训,2025-04-18,已完成,77
66b2e0be,杨雪梅,研发部,高级财务管理,2025-04-15,已完成,91
5d85badf,鞠欣,质量保证部,药物研发流程培训,2025-03-21,已完成,86
5d85badf,鞠欣,质量保证部,药物研发流程培训,2025-04-13,已完成,68
5cf137ce,戴楠,质量保证部,质量控制与合规性,2024-11-11,已完成,97
ed1212ae,张晶,数据科学部,数据分析与可视化,2025-04-02,已完成,80
eb3f11dc,汪鹏,研发部,生物信息学入门,2025-02-26,已完成,87
eb3f11dc,汪鹏,研发部,数据分析与可视化,2025-02-11,已完成,88
eb3f11dc,汪鹏,研发部,药物研发流程培训,2025-04-04,已完成,83
18b43cb2,李瑞,研发部,生物信息学入门,2025-04-02,已完成,77
18b43cb2,李瑞,研发部,高级财务管理,2025-03-28,已完成,83
501f21f6,赵帆,研发部,药物研发流程培训,2025-03-28,已完成,75
501f21f6,赵帆,研发部,生物信息学入门,2025-04-20,已完成,83
501f21f6,赵帆,研发部,质量控制与合规性,2025-03-27,已完成,88
d639fffd,罗志强,研发部,实验室安全规范,2025-03-04,已完成,
d639fffd,罗志强,研发部,数据分析与可视化,2025-01-12,已完成,70
dc32e149,翟丽娟,临床研究部,项目管理基础,2024-11-22,已完成,77
dc32e149,翟丽娟,临床研究部,项目管理基础,2024-11-14,已完成,86
dc32e149,翟丽娟,临床研究部,项目管理基础,2025-02-12,已完成,66
fbb42c5d,尚雪,质量保证部,项目管理基础,2025-03-12,已完成,95
fbb42c5d,尚雪,质量保证部,药物研发流程培训,2025-03-29,已完成,71
12da9793,杨慧,质量保证部,数据分析与可视化,2025-04-22,已完成,80
12da9793,杨慧,质量保证部,数据分析与可视化,2025-04-19,已完成,68
fe4aefd1,吕娜,数据科学部,项目管理基础,2025-02-02,已完成,68
fe4aefd1,吕娜,数据科学部,实验室安全规范,2023-02-07,已完成,72
695e6838,王晨,临床研究部,质量控制与合规性,2025-02-19,已完成,61
695e6838,王晨,临床研究部,生物信息学入门,2025-03-06,已完成,65
b64f3360,顾伟,临床研究部,药物研发流程培训,2024-08-02,已完成,87
7e08dfd9,管兰英,临床研究部,质量控制与合规性,2025-04-25,已完成,
9ca9aa15,俞宇,研发部,生物信息学入门,2024-12-02,已完成,74
9ca9aa15,俞宇,研发部,实验室安全规范,2025-02-16,已完成,91
a705b03a,李成,质量保证部,实验室安全规范,2025-04-14,已完成,72
e3b5ce3b,杨兰英,临床研究部,实验室安全规范,2025-04-03,已完成,88
e3b5ce3b,杨兰英,临床研究部,生物信息学入门,2023-01-07,已完成,65
4e1c57d7,陈荣,临床研究部,项目管理基础,2025-04-24,已完成,84
4e1c57d7,陈荣,临床研究部,高级财务管理,2025-04-16,已完成,
4e1c57d7,陈荣,临床研究部,项目管理基础,2025-04-04,已完成,98
16a420ad,王凤英,临床研究部,药物研发流程培训,2025-04-19,已完成,
16a420ad,王凤英,临床研究部,项目管理基础,2025-02-10,已完成,68
16a420ad,王凤英,临床研究部,质量控制与合规性,2025-04-12,已完成,
3515b4b7,古杨,临床研究部,数据分析与可视化,2025-04-14,已完成,
3515b4b7,古杨,临床研究部,实验室安全规范,2022-12-26,已完成,
dd9a3bbc,张波,数据科学部,生物信息学入门,2025-04-18,已完成,87
dd9a3bbc,张波,数据科学部,质量控制与合规性,2025-04-22,已完成,76
69b47181,赵霞,研发部,项目管理基础,2025-01-30,已完成,69
69b47181,赵霞,研发部,高级财务管理,2025-03-15,已完成,63
69b47181,赵霞,研发部,药物研发流程培训,2024-12-17,已完成,70
51d38302,梁刚,研发部,药物研发流程培训,2024-11-04,已完成,95
51d38302,梁刚,研发部,生物信息学入门,2024-09-28,已完成,67
10b79400,李雪梅,质量保证部,生物信息学入门,2025-03-29,已完成,77
f7b70c91,林柳,质量保证部,市场营销策略,2025-03-16,已完成,71
1dd515f5,温丹,数据科学部,药物研发流程培训,2025-02-14,已完成,67
1dd515f5,温丹,数据科学部,药物研发流程培训,2022-09-17,已完成,69
6f9cd78a,甘宇,数据科学部,高级财务管理,2025-02-13,已完成,77
6f9cd78a,甘宇,数据科学部,生物信息学入门,2024-10-15,已完成,88
7ce2006e,张春梅,质量保证部,数据分析与可视化,2024-08-29,已完成,63
7ce2006e,张春梅,质量保证部,药物研发流程培训,2024-07-09,已完成,95
7ce2006e,张春梅,质量保证部,项目管理基础,2025-02-01,已完成,75
5cb4550c,王琳,研发部,数据分析与可视化,2025-03-14,已完成,85
5fc8a580,高志强,数据科学部,实验室安全规范,2024-11-22,已完成,87
dd5a8478,许静,质量保证部,数据分析与可视化,2025-04-02,已完成,66
dd5a8478,许静,质量保证部,项目管理基础,2025-04-26,已完成,84
dd5a8478,许静,质量保证部,项目管理基础,2025-04-11,已完成,
a343b007,毕秀荣,研发部,项目管理基础,2025-04-15,已完成,
a343b007,毕秀荣,研发部,生物信息学入门,2025-04-26,已完成,69
a343b007,毕秀荣,研发部,市场营销策略,2025-04-13,已完成,78
ca443210,汪亮,临床研究部,生物信息学入门,2025-02-10,已完成,75
ca443210,汪亮,临床研究部,生物信息学入门,2025-02-10,已完成,75
65de2e2c,李红,质量保证部,市场营销策略,2025-04-18,已完成,92
844aa555,蔡玉兰,研发部,药物研发流程培训,2022-09-16,已完成,61
844aa555,蔡玉兰,研发部,数据分析与可视化,2023-03-04,已完成,85
844aa555,蔡玉兰,研发部,生物信息学入门,2025-04-02,已完成,97
6692ea18,张琳,研发部,市场营销策略,2024-12-18,已完成,71
6692ea18,张琳,研发部,高级财务管理,2024-12-30,已完成,
6692ea18,张琳,研发部,高级财务管理,2024-12-30,已完成,
e0f0203b,刘丽,质量保证部,项目管理基础,2025-04-13,已完成,85
e0f0203b,刘丽,质量保证部,质量控制与合规性,2025-04-16,已完成,79
e0f0203b,刘丽,质量保证部,高级财务管理,2025-04-25,已完成,85
e0f0203b,刘丽,质量保证部,高级财务管理,2025-04-25,已完成,85
302bb83a,李春梅,临床研究部,药物研发流程培训,2025-01-31,已完成,72
853def94,赵梅,数据科学部,数据分析与可视化,2025-04-22,已完成,100
853def94,赵梅,数据科学部,药物研发流程培训,2023-03-15,已完成,89
853def94,赵梅,数据科学部,药物研发流程培训,2025-04-26,已完成,
d8c66892,鲁倩,临床研究部,药物研发流程培训,2025-04-08,已完成,97
d8c66892,鲁倩,临床研究部,项目管理基础,2022-07-13,已完成,
a8eec997,乔秀荣,数据科学部,项目管理基础,2024-12-17,已完成,98
a8eec997,乔秀荣,数据科学部,药物研发流程培训,2025-04-06,已完成,91
ac70b625,傅小红,研发部,数据分析与可视化,2022-07-02,已完成,93
ac70b625,傅小红,研发部,质量控制与合规性,2025-04-06,已完成,
9dbf27fb,萧婷,研发部,质量控制与合规性,2025-04-09,已完成,82
9dbf27fb,萧婷,研发部,数据分析与可视化,2025-03-30,已完成,72
8bb8f879,安桂芳,临床研究部,生物信息学入门,2025-01-14,已完成,98
8bb8f879,安桂芳,临床研究部,项目管理基础,2025-01-26,已完成,
8bb8f879,安桂芳,临床研究部,项目管理基础,2025-03-29,已完成,83
cb42ffd9,陈帆,质量保证部,数据分析与可视化,2024-12-29,已完成,65
cb42ffd9,陈帆,质量保证部,数据分析与可视化,2025-04-14,已完成,
cb42ffd9,陈帆,质量保证部,项目管理基础,2025-03-11,已完成,73
78c38879,陈志强,质量保证部,实验室安全规范,2025-04-02,已完成,71
78c38879,陈志强,质量保证部,药物研发流程培训,2025-03-31,已完成,81
6cc40b35,萧文,研发部,项目管理基础,2025-03-28,已完成,81
4ca58f67,王超,研发部,实验室安全规范,2025-03-05,已完成,92
4ca58f67,王超,研发部,药物研发流程培训,2025-03-01,已完成,88
4ca58f67,王超,研发部,药物研发流程培训,2025-03-25,已完成,99
8aead4ce,赵建,数据科学部,药物研发流程培训,2025-04-07,已完成,70
8aead4ce,赵建,数据科学部,实验室安全规范,2025-04-15,已完成,
8aead4ce,赵建,数据科学部,质量控制与合规性,2025-04-07,已完成,66
a3196ee2,许建,数据科学部,市场营销策略,2025-03-22,已完成,86
9acd6d39,薛璐,数据科学部,数据分析与可视化,2025-01-12,已完成,
9acd6d39,薛璐,数据科学部,实验室安全规范,2024-12-05,已完成,75
9acd6d39,薛璐,数据科学部,项目管理基础,2025-03-10,已完成,68
a17fac9b,许冬梅,临床研究部,质量控制与合规性,2025-03-10,已完成,83
a17fac9b,许冬梅,临床研究部,市场营销策略,2025-04-03,已完成,93
0c3cb5f0,叶利,临床研究部,项目管理基础,2025-04-03,已完成,
6fd45aa4,宋俊,数据科学部,药物研发流程培训,2025-01-26,已完成,93
6fd45aa4,宋俊,数据科学部,生物信息学入门,2025-03-16,已完成,79
6fd45aa4,宋俊,数据科学部,实验室安全规范,2025-02-09,已完成,
46557509,钱成,研发部,项目管理基础,2025-01-11,已完成,73
46557509,钱成,研发部,质量控制与合规性,2024-12-24,已完成,82
46557509,钱成,研发部,项目管理基础,2022-06-24,已完成,79
44064a9c,吴慧,数据科学部,生物信息学入门,2025-04-11,已完成,93
44064a9c,吴慧,数据科学部,药物研发流程培训,2025-04-26,已完成,79
44064a9c,吴慧,数据科学部,数据分析与可视化,2025-04-16,已完成,
1bf65ba1,蔡秀云,研发部,市场营销策略,2022-12-17,已完成,92
1bf65ba1,蔡秀云,研发部,实验室安全规范,2022-07-27,已完成,82
3fcdb062,吴红霞,研发部,实验室安全规范,2025-02-07,已完成,60
3fcdb062,吴红霞,研发部,生物信息学入门,2025-01-11,已完成,96
577a1e33,夏红梅,研发部,数据分析与可视化,2025-04-24,已完成,78
577a1e33,夏红梅,研发部,质量控制与合规性,2025-04-24,已完成,84
577a1e33,夏红梅,研发部,实验室安全规范,2025-04-23,已完成,72
8529af63,曹成,临床研究部,项目管理基础,2023-01-17,已完成,65
8529af63,曹成,临床研究部,数据分析与可视化,2022-12-20,已完成,88
8529af63,曹成,临床研究部,项目管理基础,2025-03-04,已完成,93
31cbf2ba,许鑫,临床研究部,项目管理基础,2025-03-11,已完成,91
31cbf2ba,许鑫,临床研究部,数据分析与可视化,2023-01-31,已完成,
31cbf2ba,许鑫,临床研究部,数据分析与可视化,2025-03-15,已完成,92
c2e71b2c,林帅,数据科学部,药物研发流程培训,2024-09-15,已完成,95
c2e71b2c,林帅,数据科学部,质量控制与合规性,2022-04-27,已完成,67
c2e71b2c,林帅,数据科学部,质量控制与合规性,2022-04-27,已完成,67
8e95ecaf,杨海燕,质量保证部,药物研发流程培训,2025-02-09,已完成,83
cc249fe5,柏博,质量保证部,质量控制与合规性,2025-04-11,已完成,79
85d4bd5d,白燕,临床研究部,药物研发流程培训,2025-03-05,已完成,
85d4bd5d,白燕,临床研究部,项目管理基础,2025-04-25,已完成,79
6706cc61,李建国,数据科学部,生物信息学入门,2025-03-04,已完成,68
6706cc61,李建国,数据科学部,项目管理基础,2022-07-16,已完成,88
8a4a0f45,杨梅,数据科学部,生物信息学入门,2025-04-21,已完成,84
8a4a0f45,杨梅,数据科学部,质量控制与合规性,2025-04-26,已完成,
8a4a0f45,杨梅,数据科学部,实验室安全规范,2025-04-21,已完成,70
4d6b8a2e,寇伟,研发部,高级财务管理,2025-03-13,已完成,67
4d6b8a2e,寇伟,研发部,高级财务管理,2025-01-09,已完成,90
4d6b8a2e,寇伟,研发部,药物研发流程培训,2025-01-23,已完成,73
11709383,仝俊,临床研究部,药物研发流程培训,2025-03-20,已完成,98
11709383,仝俊,临床研究部,项目管理基础,2025-04-19,已完成,61
11709383,仝俊,临床研究部,项目管理基础,2025-04-19,已完成,61
25501469,黄英,研发部,高级财务管理,2022-08-23,已完成,65
25501469,黄英,研发部,市场营销策略,2025-03-21,已完成,
25501469,黄英,研发部,项目管理基础,2025-03-15,已完成,63
25501469,黄英,研发部,项目管理基础,2025-03-15,已完成,63
22c07462,杨飞,数据科学部,实验室安全规范,2022-05-30,已完成,80
c5110990,朱明,研发部,药物研发流程培训,2025-03-25,已完成,98
099fca19,刘玉华,研发部,药物研发流程培训,2025-04-25,已完成,80
099fca19,刘玉华,研发部,项目管理基础,2025-04-21,已完成,
099fca19,刘玉华,研发部,项目管理基础,2025-04-21,已完成,
ae08ee95,张鑫,质量保证部,质量控制与合规性,2025-01-10,已完成,75
ae08ee95,张鑫,质量保证部,数据分析与可视化,2025-02-12,已完成,86
ae08ee95,张鑫,质量保证部,质量控制与合规性,2025-03-07,已完成,69
c59e0bf9,吴成,临床研究部,市场营销策略,2025-03-29,已完成,95
c59e0bf9,吴成,临床研究部,质量控制与合规性,2022-06-27,已完成,70
c59e0bf9,吴成,临床研究部,项目管理基础,2024-12-18,已完成,76
877ee2a4,祝丹丹,数据科学部,数据分析与可视化,2025-01-26,已完成,92
877ee2a4,祝丹丹,数据科学部,质量控制与合规性,2022-05-22,已完成,79
877ee2a4,祝丹丹,数据科学部,数据分析与可视化,2025-02-16,已完成,77
6ee6dcad,冯芳,临床研究部,生物信息学入门,2025-02-26,已完成,100
6ee6dcad,冯芳,临床研究部,项目管理基础,2025-02-27,已完成,80
199483a7,滕建国,临床研究部,生物信息学入门,2025-04-12,已完成,
199483a7,滕建国,临床研究部,生物信息学入门,2025-04-12,已完成,
75d64f08,尚红霞,质量保证部,生物信息学入门,2025-03-12,已完成,
987cebe7,林岩,研发部,质量控制与合规性,2025-04-08,已完成,
987cebe7,林岩,研发部,质量控制与合规性,2025-04-06,已完成,
d460dafe,李冬梅,数据科学部,项目管理基础,2025-04-04,已完成,82
d460dafe,李冬梅,数据科学部,生物信息学入门,2025-03-09,已完成,67
c6682990,赵桂珍,质量保证部,生物信息学入门,2025-01-12,已完成,
3351528b,白秀芳,临床研究部,质量控制与合规性,2025-04-06,已完成,74
efc1f244,刘桂芳,质量保证部,项目管理基础,2025-04-02,已完成,98
efc1f244,刘桂芳,质量保证部,生物信息学入门,2025-01-06,已完成,77
8027055c,张淑华,研发部,高级财务管理,2025-04-22,已完成,98
8027055c,张淑华,研发部,生物信息学入门,2025-03-28,已完成,
8027055c,张淑华,研发部,数据分析与可视化,2025-04-22,已完成,77
e24fb079,黄帆,研发部,生物信息学入门,2025-03-04,已完成,76
e24fb079,黄帆,研发部,药物研发流程培训,2025-04-22,已完成,63
e24fb079,黄帆,研发部,项目管理基础,2025-04-04,已完成,93
c03a8ae6,王倩,临床研究部,数据分析与可视化,2025-04-25,已完成,
c03a8ae6,王倩,临床研究部,高级财务管理,2025-04-22,已完成,
c03a8ae6,王倩,临床研究部,生物信息学入门,2025-04-23,已完成,87
9302a7e1,张娟,质量保证部,市场营销策略,2025-04-12,已完成,
9302a7e1,张娟,质量保证部,药物研发流程培训,2025-04-23,已完成,100
22c96930,田斌,质量保证部,数据分析与可视化,2024-10-01,已完成,63
22c96930,田斌,质量保证部,数据分析与可视化,2024-08-10,已完成,98
ad91fc20,王宇,研发部,市场营销策略,2022-06-03,已完成,
ad91fc20,王宇,研发部,生物信息学入门,2022-08-21,已完成,
ad91fc20,王宇,研发部,项目管理基础,2025-03-08,已完成,
1f199914,徐旭,数据科学部,质量控制与合规性,2025-04-26,已完成,
5b328371,江建国,临床研究部,数据分析与可视化,2022-05-13,已完成,99
5b328371,江建国,临床研究部,项目管理基础,2023-01-29,已完成,99
ebb8f043,张瑜,质量保证部,项目管理基础,2025-01-22,已完成,97
3949e53e,李璐,数据科学部,质量控制与合规性,2025-04-26,已完成,72
95221c90,王东,研发部,项目管理基础,2024-08-25,已完成,99
95221c90,王东,研发部,药物研发流程培训,2025-04-06,已完成,
6bce1d88,田霞,数据科学部,实验室安全规范,2025-04-23,已完成,94
6bce1d88,田霞,数据科学部,高级财务管理,2025-04-22,已完成,78
949c807e,杨荣,临床研究部,质量控制与合规性,2025-04-26,已完成,87
949c807e,杨荣,临床研究部,生物信息学入门,2025-04-25,已完成,64
949c807e,杨荣,临床研究部,生物信息学入门,2025-04-26,已完成,89
15e7471b,黄秀荣,临床研究部,质量控制与合规性,2025-02-11,已完成,81
15e7471b,黄秀荣,临床研究部,药物研发流程培训,2024-10-27,已完成,60
f2250587,刘娜,临床研究部,数据分析与可视化,2025-01-05,已完成,81
41c299e0,张丽娟,临床研究部,实验室安全规范,2025-02-06,已完成,
f059f27b,向伟,质量保证部,高级财务管理,2022-08-01,已完成,83
f059f27b,向伟,质量保证部,实验室安全规范,2025-03-16,已完成,
97b60789,林旭,质量保证部,数据分析与可视化,2022-06-17,已完成,
97b60789,林旭,质量保证部,药物研发流程培训,2024-08-12,已完成,
97b60789,林旭,质量保证部,药物研发流程培训,2024-12-04,已完成,73
c6a3ff5d,金敏,质量保证部,数据分析与可视化,2025-02-18,已完成,99
c6a3ff5d,金敏,质量保证部,药物研发流程培训,2025-02-16,已完成,
c6a3ff5d,金敏,质量保证部,数据分析与可视化,2025-03-13,已完成,
1d9ef777,刘淑英,研发部,数据分析与可视化,2025-04-20,已完成,99
1d9ef777,刘淑英,研发部,实验室安全规范,2025-04-26,已完成,80
1d9ef777,刘淑英,研发部,实验室安全规范,2025-04-18,已完成,92
25cf0ef5,李璐,数据科学部,项目管理基础,2022-05-08,已完成,99
869a597a,胡帅,数据科学部,质量控制与合规性,2025-04-03,已完成,93
869a597a,胡帅,数据科学部,实验室安全规范,2025-04-03,已完成,90
869a597a,胡帅,数据科学部,实验室安全规范,2025-04-04,已完成,100
869a597a,胡帅,数据科学部,实验室安全规范,2025-04-04,已完成,100
6eadc7bb,常颖,质量保证部,数据分析与可视化,2025-04-19,已完成,75
67d869b1,张雪,研发部,高级财务管理,2024-11-28,已完成,83
67d869b1,张雪,研发部,市场营销策略,2025-01-11,已完成,82
67d869b1,张雪,研发部,项目管理基础,2025-02-24,已完成,87
f521165f,杨淑英,数据科学部,药物研发流程培训,2025-04-02,已完成,
f521165f,杨淑英,数据科学部,实验室安全规范,2025-04-10,已完成,78
614d1acd,李桂花,质量保证部,高级财务管理,2023-03-01,已完成,
614d1acd,李桂花,质量保证部,实验室安全规范,2025-04-25,已完成,
cb02520e,曾华,质量保证部,实验室安全规范,2025-02-24,已完成,
cb02520e,曾华,质量保证部,生物信息学入门,2022-11-24,已完成,76
cb02520e,曾华,质量保证部,实验室安全规范,2025-03-03,已完成,85
06989492,卢岩,研发部,项目管理基础,2025-04-15,已完成,69
c6a7db9c,赵建平,研发部,项目管理基础,2025-04-16,已完成,97
0dc916e8,刘玉珍,质量保证部,实验室安全规范,2025-04-14,已完成,80
0dc916e8,刘玉珍,质量保证部,生物信息学入门,2025-04-12,已完成,88
349d8f86,兰辉,研发部,数据分析与可视化,2025-03-25,已完成,60
349d8f86,兰辉,研发部,实验室安全规范,2025-03-14,已完成,86
349d8f86,兰辉,研发部,生物信息学入门,2025-03-03,已完成,80
349d8f86,兰辉,研发部,生物信息学入门,2025-03-03,已完成,80
cf55c156,林英,临床研究部,数据分析与可视化,2025-04-13,已完成,81
e4c54bc4,何岩,研发部,市场营销策略,2025-03-09,已完成,73
e4c54bc4,何岩,研发部,数据分析与可视化,2025-04-18,已完成,81
e4c54bc4,何岩,研发部,实验室安全规范,2023-01-08,已完成,
e4c54bc4,何岩,研发部,实验室安全规范,2023-01-08,已完成,
beafb1bf,徐秀兰,质量保证部,质量控制与合规性,2025-04-16,已完成,71
beafb1bf,徐秀兰,质量保证部,项目管理基础,2025-04-04,已完成,74
beafb1bf,徐秀兰,质量保证部,项目管理基础,2025-04-06,已完成,
d18cb507,孙畅,数据科学部,项目管理基础,2022-10-26,已完成,
d18cb507,孙畅,数据科学部,项目管理基础,2025-04-25,已完成,84
0d7c864e,王桂芳,临床研究部,实验室安全规范,2025-03-21,已完成,90
e94c6729,余桂珍,研发部,高级财务管理,2025-03-18,已完成,89
24d269f2,任金凤,数据科学部,质量控制与合规性,2025-04-23,已完成,93
24d269f2,任金凤,数据科学部,市场营销策略,2022-09-16,已完成,96
21c92cc2,梁建国,数据科学部,实验室安全规范,2025-04-19,已完成,71
21c92cc2,梁建国,数据科学部,质量控制与合规性,2025-04-20,已完成,89
21c92cc2,梁建国,数据科学部,高级财务管理,2025-04-23,已完成,85
77053511,王燕,临床研究部,质量控制与合规性,2025-04-23,已完成,64
77053511,王燕,临床研究部,数据分析与可视化,2025-04-24,已完成,86
77053511,王燕,临床研究部,实验室安全规范,2022-08-04,已完成,
3c4f8620,侯东,数据科学部,市场营销策略,2022-06-03,已完成,92
3c4f8620,侯东,数据科学部,项目管理基础,2025-03-30,已完成,85
3c4f8620,侯东,数据科学部,项目管理基础,2025-03-30,已完成,85
9b544f46,甘淑兰,临床研究部,生物信息学入门,2025-02-09,已完成,80
9632905c,李琳,研发部,质量控制与合规性,2022-11-20,已完成,88
cef3d590,徐燕,数据科学部,药物研发流程培训,2025-04-26,已完成,71
0b9aa879,程楠,数据科学部,生物信息学入门,2024-12-31,已完成,77
c583685f,王秀英,质量保证部,生物信息学入门,2025-04-04,已完成,88
f09e14d5,刘颖,质量保证部,生物信息学入门,2025-02-24,已完成,66
f09e14d5,刘颖,质量保证部,药物研发流程培训,2025-03-28,已完成,63
f09e14d5,刘颖,质量保证部,高级财务管理,2025-01-05,已完成,75
0c5ff7e0,江超,临床研究部,数据分析与可视化,2025-03-31,已完成,64
0c5ff7e0,江超,临床研究部,生物信息学入门,2025-03-15,已完成,
3290bda7,戴金凤,临床研究部,实验室安全规范,2025-03-30,已完成,72
3290bda7,戴金凤,临床研究部,项目管理基础,2025-04-24,已完成,67
5212eba6,刘丽娟,质量保证部,项目管理基础,2025-04-11,已完成,60
d07c8a62,梁俊,研发部,生物信息学入门,2022-12-08,已完成,62
d07c8a62,梁俊,研发部,实验室安全规范,2025-03-02,已完成,91
8cedbfc5,夏娟,质量保证部,数据分析与可视化,2025-03-22,已完成,66
8cedbfc5,夏娟,质量保证部,生物信息学入门,2025-03-30,已完成,68
8cedbfc5,夏娟,质量保证部,市场营销策略,2022-05-03,已完成,90
7426fba9,谭利,临床研究部,高级财务管理,2025-01-21,已完成,97
7426fba9,谭利,临床研究部,质量控制与合规性,2025-03-29,已完成,67
7426fba9,谭利,临床研究部,数据分析与可视化,2022-05-28,已完成,63
929b6753,陈雪,质量保证部,数据分析与可视化,2025-02-03,已完成,75
929b6753,陈雪,质量保证部,项目管理基础,2022-09-16,已完成,81
8bfeeee0,王红霞,质量保证部,质量控制与合规性,2025-04-04,已完成,86
8bfeeee0,王红霞,质量保证部,质量控制与合规性,2025-04-04,已完成,86
c48f118f,杨小红,质量保证部,实验室安全规范,2024-12-01,已完成,73
c48f118f,杨小红,质量保证部,生物信息学入门,2025-03-19,已完成,74
c48f118f,杨小红,质量保证部,市场营销策略,2024-11-09,已完成,
0d245386,黄雪,数据科学部,药物研发流程培训,2025-02-23,已完成,69
48c8a55f,郝秀芳,临床研究部,数据分析与可视化,2025-03-09,已完成,65
48c8a55f,郝秀芳,临床研究部,数据分析与可视化,2025-04-16,已完成,75
48c8a55f,郝秀芳,临床研究部,实验室安全规范,2025-04-19,已完成,88
b1e1a672,邸磊,研发部,药物研发流程培训,2025-02-09,已完成,83
b1e1a672,邸磊,研发部,项目管理基础,2025-02-03,已完成,99
c432da33,靳玲,研发部,药物研发流程培训,2025-04-24,已完成,87
c432da33,靳玲,研发部,实验室安全规范,2025-04-26,已完成,69
0fb234eb,罗佳,研发部,高级财务管理,2025-02-26,已完成,95
0fb234eb,罗佳,研发部,市场营销策略,2025-01-01,已完成,69
57cf9ef4,赵建,研发部,项目管理基础,2025-04-18,已完成,83
57cf9ef4,赵建,研发部,质量控制与合规性,2025-04-16,已完成,
f31d7f1e,孙涛,临床研究部,数据分析与可视化,2025-01-30,已完成,
f31d7f1e,孙涛,临床研究部,生物信息学入门,2025-02-11,已完成,91
f31d7f1e,孙涛,临床研究部,药物研发流程培训,2025-02-08,已完成,87
f31d7f1e,孙涛,临床研究部,药物研发流程培训,2025-02-08,已完成,87
d644b25c,冯丽娟,质量保证部,生物信息学入门,2025-04-23,已完成,61
d644b25c,冯丽娟,质量保证部,实验室安全规范,2025-04-22,已完成,69
98d7c74f,陈玉,质量保证部,药物研发流程培训,2022-08-25,已完成,
9e3d47f1,金想,数据科学部,质量控制与合规性,2025-03-16,已完成,65
9e3d47f1,金想,数据科学部,项目管理基础,2025-02-20,已完成,
9e3d47f1,金想,数据科学部,质量控制与合规性,2024-12-11,已完成,84
8aa2fb79,杨浩,数据科学部,药物研发流程培训,2025-04-05,已完成,
8aa2fb79,杨浩,数据科学部,数据分析与可视化,2025-03-14,已完成,73
8aa2fb79,杨浩,数据科学部,实验室安全规范,2025-04-11,已完成,
efde0a24,杨坤,质量保证部,项目管理基础,2025-02-17,已完成,78
efde0a24,杨坤,质量保证部,实验室安全规范,2023-03-12,已完成,
efde0a24,杨坤,质量保证部,质量控制与合规性,2025-01-22,已完成,88
73b9d033,赵军,研发部,数据分析与可视化,2025-03-30,已完成,72
73b9d033,赵军,研发部,项目管理基础,2022-09-02,已完成,99
73b9d033,赵军,研发部,高级财务管理,2022-06-22,已完成,84
7d47481d,鞠桂兰,质量保证部,项目管理基础,2022-06-28,已完成,66
7d47481d,鞠桂兰,质量保证部,药物研发流程培训,2023-02-19,已完成,62
7d47481d,鞠桂兰,质量保证部,药物研发流程培训,2023-02-19,已完成,62
b65c68f1,郑桂香,质量保证部,质量控制与合规性,2025-04-13,已完成,77
b65c68f1,郑桂香,质量保证部,实验室安全规范,2025-04-05,已完成,81
b65c68f1,郑桂香,质量保证部,实验室安全规范,2025-04-10,已完成,83
01531cae,郭鹏,临床研究部,实验室安全规范,2025-04-21,已完成,60
01531cae,郭鹏,临床研究部,生物信息学入门,2022-05-27,已完成,68
abfee4b6,刘帅,质量保证部,数据分析与可视化,2025-02-08,已完成,99
abfee4b6,刘帅,质量保证部,质量控制与合规性,2022-06-28,已完成,72
abfee4b6,刘帅,质量保证部,市场营销策略,2024-12-19,已完成,
5c8eff6e,秦健,质量保证部,质量控制与合规性,2025-02-04,已完成,99
d004335b,莫桂香,临床研究部,生物信息学入门,2025-04-26,已完成,66
d004335b,莫桂香,临床研究部,数据分析与可视化,2025-04-26,已完成,93
80e14ae6,葛雪,质量保证部,数据分析与可视化,2025-04-26,已完成,65
0336c498,段桂花,数据科学部,数据分析与可视化,2025-03-13,已完成,67
0336c498,段桂花,数据科学部,数据分析与可视化,2023-04-24,已完成,65
0336c498,段桂花,数据科学部,数据分析与可视化,2023-04-24,已完成,65
2b75d03e,吴秀云,数据科学部,项目管理基础,2025-04-07,已完成,74
2b75d03e,吴秀云,数据科学部,生物信息学入门,2023-02-08,已完成,
51389458,李晨,研发部,生物信息学入门,2025-04-01,已完成,74
caf7ebb9,李玉,临床研究部,实验室安全规范,2025-04-13,已完成,84
caf7ebb9,李玉,临床研究部,项目管理基础,2025-04-24,已完成,74
caf7ebb9,李玉,临床研究部,药物研发流程培训,2025-04-26,已完成,
e17e2e4a,李莹,质量保证部,质量控制与合规性,2025-01-28,已完成,80
e17e2e4a,李莹,质量保证部,质量控制与合规性,2025-01-28,已完成,80
a8e7c34e,田淑英,研发部,质量控制与合规性,2025-01-30,已完成,84
0a941933,汤洁,数据科学部,数据分析与可视化,2024-11-18,已完成,98
0a941933,汤洁,数据科学部,药物研发流程培训,2024-12-16,已完成,89
0a941933,汤洁,数据科学部,实验室安全规范,2025-02-03,已完成,91
22206eb5,陈帆,研发部,生物信息学入门,2025-02-01,已完成,62
22206eb5,陈帆,研发部,生物信息学入门,2025-02-20,已完成,
22206eb5,陈帆,研发部,项目管理基础,2025-01-07,已完成,73
881b42f3,陈建军,临床研究部,数据分析与可视化,2024-10-12,已完成,73
881b42f3,陈建军,临床研究部,数据分析与可视化,2024-08-27,已完成,63
7ae4ddfa,许莉,质量保证部,项目管理基础,2025-04-22,已完成,70
7ae4ddfa,许莉,质量保证部,实验室安全规范,2025-04-17,已完成,90
7ae4ddfa,许莉,质量保证部,项目管理基础,2025-04-18,已完成,
5eb9297a,赵云,临床研究部,质量控制与合规性,2025-04-12,已完成,68
5eb9297a,赵云,临床研究部,药物研发流程培训,2025-04-19,已完成,79
5eb9297a,赵云,临床研究部,数据分析与可视化,2025-04-15,已完成,90
1daee830,杨斌,质量保证部,数据分析与可视化,2025-04-25,已完成,60
1daee830,杨斌,质量保证部,药物研发流程培训,2025-04-16,已完成,69
1daee830,杨斌,质量保证部,生物信息学入门,2022-08-29,已完成,63
86ec2c9d,高桂花,质量保证部,药物研发流程培训,2025-02-28,已完成,81
7a2f1312,张林,研发部,数据分析与可视化,2025-04-18,已完成,
7a2f1312,张林,研发部,生物信息学入门,2025-04-26,已完成,71
e6230f87,杨飞,临床研究部,生物信息学入门,2025-04-18,已完成,
e6230f87,杨飞,临床研究部,项目管理基础,2025-03-14,已完成,88
e6230f87,杨飞,临床研究部,药物研发流程培训,2025-03-06,已完成,
50e295a9,黄秀华,研发部,质量控制与合规性,2024-08-15,已完成,90
50e295a9,黄秀华,研发部,质量控制与合规性,2024-09-22,已完成,
50e295a9,黄秀华,研发部,高级财务管理,2022-06-13,已完成,68
61a156b8,邬洁,研发部,药物研发流程培训,2025-02-05,已完成,94
61a156b8,邬洁,研发部,药物研发流程培训,2024-12-29,已完成,97
61a156b8,邬洁,研发部,生物信息学入门,2025-01-13,已完成,
d0e204bc,萧杰,质量保证部,质量控制与合规性,2025-01-12,已完成,60
49ae8cfa,刘梅,数据科学部,质量控制与合规性,2022-09-19,已完成,70
e5f7eeca,张萍,数据科学部,药物研发流程培训,2024-10-12,已完成,83
79a17646,宋飞,临床研究部,药物研发流程培训,2024-09-25,已完成,62
79a17646,宋飞,临床研究部,实验室安全规范,2022-05-22,已完成,88
79a17646,宋飞,临床研究部,实验室安全规范,2024-12-31,已完成,82
d7baecbe,杨玉,质量保证部,药物研发流程培训,2022-07-04,已完成,72
d7baecbe,杨玉,质量保证部,数据分析与可视化,2025-01-16,已完成,98
d7baecbe,杨玉,质量保证部,市场营销策略,2025-01-21,已完成,
5ec7cd7d,杨宇,研发部,数据分析与可视化,2024-10-26,已完成,65
5ec7cd7d,杨宇,研发部,生物信息学入门,2024-10-17,已完成,
5ec7cd7d,杨宇,研发部,实验室安全规范,2024-12-30,已完成,72
a869872c,罗玉英,质量保证部,质量控制与合规性,2025-04-25,已完成,
a869872c,罗玉英,质量保证部,项目管理基础,2025-04-24,已完成,98
a869872c,罗玉英,质量保证部,高级财务管理,2025-04-25,已完成,
85cf81ef,李飞,数据科学部,实验室安全规范,2024-11-20,已完成,
85cf81ef,李飞,数据科学部,药物研发流程培训,2024-11-30,已完成,74
d9fc5568,童琴,研发部,质量控制与合规性,2025-04-15,已完成,79
2126813e,胡想,数据科学部,生物信息学入门,2025-03-24,已完成,78
2126813e,胡想,数据科学部,药物研发流程培训,2025-03-25,已完成,
6b2a40ec,聂秀兰,质量保证部,生物信息学入门,2025-04-21,已完成,94
6b2a40ec,聂秀兰,质量保证部,项目管理基础,2025-03-30,已完成,68
6b2a40ec,聂秀兰,质量保证部,生物信息学入门,2022-07-09,已完成,
4cf503b2,闵彬,数据科学部,生物信息学入门,2025-04-24,已完成,83
8b36f86d,廖龙,数据科学部,项目管理基础,2025-04-25,已完成,
8b36f86d,廖龙,数据科学部,质量控制与合规性,2025-04-20,已完成,87
8b36f86d,廖龙,数据科学部,数据分析与可视化,2025-04-22,已完成,65
0ee02a7d,初秀梅,数据科学部,生物信息学入门,2025-04-22,已完成,
96b7d0f9,关婷,数据科学部,药物研发流程培训,2025-01-14,已完成,95
96b7d0f9,关婷,数据科学部,药物研发流程培训,2025-01-14,已完成,95
23a0c05c,杨秀华,数据科学部,生物信息学入门,2025-04-25,已完成,68
23a0c05c,杨秀华,数据科学部,生物信息学入门,2025-04-24,已完成,67
444c2a57,秦玲,数据科学部,药物研发流程培训,2025-03-15,已完成,94
444c2a57,秦玲,数据科学部,市场营销策略,2025-04-12,已完成,93
444c2a57,秦玲,数据科学部,数据分析与可视化,2025-03-15,已完成,93
50c46a40,廖桂荣,临床研究部,质量控制与合规性,2025-04-15,已完成,63
8cc80ba9,王婷婷,质量保证部,实验室安全规范,2025-03-08,已完成,75
fcd72336,黄云,数据科学部,实验室安全规范,2025-01-08,已完成,76
fcd72336,黄云,数据科学部,质量控制与合规性,2025-04-02,已完成,79
9f4413d3,赵凯,临床研究部,市场营销策略,2022-10-15,已完成,91
c63e7248,蒋帅,数据科学部,药物研发流程培训,2025-02-10,已完成,
c63e7248,蒋帅,数据科学部,实验室安全规范,2024-11-17,已完成,
8e6f6afb,马涛,数据科学部,项目管理基础,2025-02-12,已完成,
70a10891,李雪,数据科学部,项目管理基础,2025-03-31,已完成,79
81978490,叶博,临床研究部,药物研发流程培训,2025-04-05,已完成,88
81978490,叶博,临床研究部,项目管理基础,2025-04-10,已完成,
3e8a24fc,崔秀荣,质量保证部,药物研发流程培训,2024-10-05,已完成,
3e8a24fc,崔秀荣,质量保证部,药物研发流程培训,2025-01-20,已完成,
f7097625,王婷婷,质量保证部,药物研发流程培训,2025-03-26,已完成,95
f7097625,王婷婷,质量保证部,数据分析与可视化,2025-02-20,已完成,85
720fefb2,田秀梅,数据科学部,高级财务管理,2023-02-06,已完成,
720fefb2,田秀梅,数据科学部,实验室安全规范,2023-03-04,已完成,75
11e095b9,姜峰,数据科学部,生物信息学入门,2025-04-07,已完成,
11e095b9,姜峰,数据科学部,药物研发流程培训,2025-04-25,已完成,75
11e095b9,姜峰,数据科学部,数据分析与可视化,2025-04-08,已完成,67
8f359dec,曹霞,数据科学部,数据分析与可视化,2025-02-11,已完成,66
8f359dec,曹霞,数据科学部,数据分析与可视化,2025-02-04,已完成,
894d70d7,陈娟,临床研究部,数据分析与可视化,2025-02-22,已完成,77
733bf575,何金凤,质量保证部,数据分析与可视化,2022-07-27,已完成,
733bf575,何金凤,质量保证部,实验室安全规范,2025-04-20,已完成,74
733bf575,何金凤,质量保证部,药物研发流程培训,2024-12-02,已完成,63
2d175a63,袁杰,研发部,生物信息学入门,2025-03-10,已完成,80
2d175a63,袁杰,研发部,药物研发流程培训,2025-04-17,已完成,
2d5f9709,胡丹丹,质量保证部,药物研发流程培训,2024-11-25,已完成,76
2d5f9709,胡丹丹,质量保证部,实验室安全规范,2024-12-17,已完成,
2d5f9709,胡丹丹,质量保证部,数据分析与可视化,2025-03-05,已完成,83
da979f2e,徐斌,临床研究部,生物信息学入门,2025-02-25,已完成,97
a66f3b50,李秀英,研发部,质量控制与合规性,2025-04-03,已完成,
a66f3b50,李秀英,研发部,生物信息学入门,2024-10-04,已完成,72
a66f3b50,李秀英,研发部,药物研发流程培训,2025-01-27,已完成,99
e01c8678,刘玉珍,临床研究部,质量控制与合规性,2022-09-09,已完成,62
1f28f937,邹霞,质量保证部,实验室安全规范,2025-02-07,已完成,88
1f28f937,邹霞,质量保证部,项目管理基础,2025-01-20,已完成,
1f28f937,邹霞,质量保证部,质量控制与合规性,2025-03-19,已完成,70
e10f1321,杨欣,质量保证部,质量控制与合规性,2025-04-21,已完成,
4c4c1c71,李佳,质量保证部,生物信息学入门,2025-01-15,已完成,92
4c4c1c71,李佳,质量保证部,质量控制与合规性,2025-01-22,已完成,84
f7aa479f,李梅,质量保证部,质量控制与合规性,2025-02-12,已完成,60
80764bb4,邓娟,研发部,生物信息学入门,2025-04-16,已完成,79
80764bb4,邓娟,研发部,实验室安全规范,2025-02-16,已完成,70
80764bb4,邓娟,研发部,实验室安全规范,2023-04-20,已完成,
e5bebbfb,胡慧,质量保证部,药物研发流程培训,2025-04-25,已完成,75
e5bebbfb,胡慧,质量保证部,药物研发流程培训,2025-04-26,已完成,
a729ca48,王秀珍,数据科学部,生物信息学入门,2025-04-07,已完成,76
0aae1441,赵淑珍,临床研究部,药物研发流程培训,2025-04-25,已完成,60
0aae1441,赵淑珍,临床研究部,实验室安全规范,2025-04-20,已完成,
c4818761,武峰,研发部,药物研发流程培训,2025-01-22,已完成,84
c4818761,武峰,研发部,生物信息学入门,2025-02-25,已完成,95
c4818761,武峰,研发部,实验室安全规范,2025-01-21,已完成,97
6ce5782e,张红,临床研究部,数据分析与可视化,2025-04-02,已完成,87
6ce5782e,张红,临床研究部,药物研发流程培训,2025-04-21,已完成,89
ea02ec6a,赵淑英,研发部,生物信息学入门,2025-03-11,已完成,
ea02ec6a,赵淑英,研发部,数据分析与可视化,2025-03-31,已完成,98
8bfe3028,顾玉梅,临床研究部,生物信息学入门,2025-01-20,已完成,66
8bfe3028,顾玉梅,临床研究部,药物研发流程培训,2024-09-05,已完成,84
8bfe3028,顾玉梅,临床研究部,药物研发流程培训,2024-09-05,已完成,84
4ee8a247,关玲,临床研究部,药物研发流程培训,2025-04-26,已完成,
4ee8a247,关玲,临床研究部,生物信息学入门,2025-04-10,已完成,60
4ee8a247,关玲,临床研究部,生物信息学入门,2025-03-11,已完成,65
2c240384,杨秀云,研发部,市场营销策略,2025-04-05,已完成,90
2c240384,杨秀云,研发部,生物信息学入门,2025-02-24,已完成,61
8a0b5a6e,刘兰英,数据科学部,市场营销策略,2025-01-31,已完成,
8a0b5a6e,刘兰英,数据科学部,项目管理基础,2025-04-20,已完成,
8a0b5a6e,刘兰英,数据科学部,生物信息学入门,2025-04-17,已完成,67
db0b3983,彭军,质量保证部,实验室安全规范,2025-04-14,已完成,
db0b3983,彭军,质量保证部,药物研发流程培训,2025-04-11,已完成,98
f7e647cb,祝欣,数据科学部,生物信息学入门,2025-04-25,已完成,79
5971f645,唐平,研发部,项目管理基础,2025-03-30,已完成,76
5971f645,唐平,研发部,药物研发流程培训,2025-02-08,已完成,69
ff0a1e0e,周峰,研发部,生物信息学入门,2025-03-04,已完成,90
ff0a1e0e,周峰,研发部,项目管理基础,2023-02-25,已完成,77
03eeeadd,雷淑华,数据科学部,实验室安全规范,2025-02-25,已完成,87
03eeeadd,雷淑华,数据科学部,质量控制与合规性,2022-06-29,已完成,81
aef5ac09,程秀荣,临床研究部,项目管理基础,2024-12-28,已完成,94
aef5ac09,程秀荣,临床研究部,数据分析与可视化,2025-01-23,已完成,97
d16e7458,沈建国,临床研究部,数据分析与可视化,2025-04-26,已完成,75
d16e7458,沈建国,临床研究部,药物研发流程培训,2025-04-26,已完成,90
d16e7458,沈建国,临床研究部,药物研发流程培训,2025-04-26,已完成,83
7bb44e10,史丹丹,研发部,项目管理基础,2024-11-27,已完成,
7bb44e10,史丹丹,研发部,项目管理基础,2022-07-19,已完成,74
5d68526f,郝莹,质量保证部,数据分析与可视化,2025-04-06,已完成,61
5d68526f,郝莹,质量保证部,药物研发流程培训,2022-10-29,已完成,97
5d68526f,郝莹,质量保证部,高级财务管理,2025-02-07,已完成,
5d68526f,郝莹,质量保证部,高级财务管理,2025-02-07,已完成,
f74dd42f,罗芳,质量保证部,数据分析与可视化,2025-02-26,已完成,90
f74dd42f,罗芳,质量保证部,生物信息学入门,2025-01-18,已完成,90
1bc9ed37,朱桂荣,研发部,药物研发流程培训,2022-07-01,已完成,69
1bc9ed37,朱桂荣,研发部,质量控制与合规性,2025-02-12,已完成,92
1bc9ed37,朱桂荣,研发部,项目管理基础,2025-04-25,已完成,89
fc49190d,李冬梅,数据科学部,实验室安全规范,2025-02-23,已完成,87
fc49190d,李冬梅,数据科学部,药物研发流程培训,2025-04-11,已完成,68
fc49190d,李冬梅,数据科学部,药物研发流程培训,2025-02-28,已完成,71
32854373,李想,研发部,生物信息学入门,2025-04-26,已完成,80
f686312e,梁刚,研发部,实验室安全规范,2025-03-30,已完成,72
64a2fb47,梁华,研发部,高级财务管理,2025-04-19,已完成,70
64a2fb47,梁华,研发部,实验室安全规范,2024-12-28,已完成,
2e6234b0,陈岩,数据科学部,质量控制与合规性,2025-03-25,已完成,96
2e6234b0,陈岩,数据科学部,质量控制与合规性,2025-03-25,已完成,96
06c148ee,冉丽,研发部,实验室安全规范,2025-04-26,已完成,
5d086536,张宇,研发部,实验室安全规范,2025-03-21,已完成,82
a6654172,覃军,质量保证部,生物信息学入门,2025-03-30,已完成,92
a6654172,覃军,质量保证部,质量控制与合规性,2025-03-20,已完成,90
1a5937d7,朱莉,研发部,生物信息学入门,2023-01-10,已完成,100
2b1cb733,王鑫,临床研究部,生物信息学入门,2025-04-07,已完成,
2b1cb733,王鑫,临床研究部,质量控制与合规性,2025-03-25,已完成,98
2b1cb733,王鑫,临床研究部,实验室安全规范,2025-04-18,已完成,68
ab412ba4,王霞,研发部,药物研发流程培训,2025-03-19,已完成,84
ab412ba4,王霞,研发部,质量控制与合规性,2025-02-06,已完成,
a1e70727,王璐,质量保证部,数据分析与可视化,2025-01-25,已完成,79
d290e110,高华,临床研究部,项目管理基础,2025-04-22,已完成,
7af53613,范帅,质量保证部,质量控制与合规性,2022-07-22,已完成,65
7af53613,范帅,质量保证部,项目管理基础,2025-04-22,已完成,90
caafcd33,秦丽华,研发部,药物研发流程培训,2022-05-23,已完成,91
fda033ee,王欣,研发部,生物信息学入门,2025-03-06,已完成,
fda033ee,王欣,研发部,实验室安全规范,2025-02-28,已完成,86
fda033ee,王欣,研发部,高级财务管理,2025-02-16,已完成,
0dee0c7f,张秀兰,数据科学部,药物研发流程培训,2023-03-04,已完成,
0dee0c7f,张秀兰,数据科学部,质量控制与合规性,2025-01-23,已完成,64
0dee0c7f,张秀兰,数据科学部,生物信息学入门,2025-01-17,已完成,
7cfc05ed,陈柳,临床研究部,药物研发流程培训,2025-04-06,已完成,
7cfc05ed,陈柳,临床研究部,市场营销策略,2025-04-02,已完成,72
a4dd67f1,杨桂花,临床研究部,数据分析与可视化,2023-02-08,已完成,90
a4dd67f1,杨桂花,临床研究部,质量控制与合规性,2025-04-04,已完成,
c7151fc9,张瑞,质量保证部,质量控制与合规性,2025-04-10,已完成,63
9138edf3,侯强,质量保证部,数据分析与可视化,2025-03-13,已完成,
9138edf3,侯强,质量保证部,高级财务管理,2025-03-30,已完成,76
2efd6282,王桂香,临床研究部,实验室安全规范,2025-03-17,已完成,88
106779ee,孙小红,质量保证部,数据分析与可视化,2024-11-02,已完成,65
106779ee,孙小红,质量保证部,实验室安全规范,2025-02-22,已完成,
8f311e11,桑娜,临床研究部,数据分析与可视化,2025-04-15,已完成,87
8f311e11,桑娜,临床研究部,项目管理基础,2025-04-25,已完成,95
8f311e11,桑娜,临床研究部,药物研发流程培训,2025-04-22,已完成,97
74cb37e3,苏丹,数据科学部,生物信息学入门,2023-01-26,已完成,80
74cb37e3,苏丹,数据科学部,数据分析与可视化,2022-06-18,已完成,80
74cb37e3,苏丹,数据科学部,项目管理基础,2025-04-12,已完成,60
9cbf5e48,黄静,研发部,项目管理基础,2022-05-13,已完成,97
9cbf5e48,黄静,研发部,数据分析与可视化,2025-02-22,已完成,94
9cbf5e48,黄静,研发部,数据分析与可视化,2025-03-21,已完成,72
9cbf5e48,黄静,研发部,数据分析与可视化,2025-03-21,已完成,72
7b3504a8,曹荣,研发部,药物研发流程培训,2025-03-23,已完成,79
7b3504a8,曹荣,研发部,生物信息学入门,2025-04-19,已完成,89
c02d00de,郭波,质量保证部,质量控制与合规性,2022-05-25,已完成,81
c02d00de,郭波,质量保证部,项目管理基础,2025-03-17,已完成,95
db1fd257,刘莉,数据科学部,生物信息学入门,2025-03-14,已完成,100
db1fd257,刘莉,数据科学部,市场营销策略,2022-10-24,已完成,66
db1fd257,刘莉,数据科学部,市场营销策略,2025-01-06,已完成,99
b671902d,金璐,数据科学部,生物信息学入门,2025-04-19,已完成,86
48752ccd,黄莹,研发部,数据分析与可视化,2024-08-03,已完成,67
a9fb2862,倪秀梅,数据科学部,生物信息学入门,2022-09-24,已完成,85
a9fb2862,倪秀梅,数据科学部,数据分析与可视化,2025-04-11,已完成,77
a9fb2862,倪秀梅,数据科学部,项目管理基础,2025-04-12,已完成,60
a9fb2862,倪秀梅,数据科学部,项目管理基础,2025-04-12,已完成,60
a6307775,钟晨,数据科学部,实验室安全规范,2025-04-19,已完成,93
d65d544c,刘桂花,研发部,项目管理基础,2025-02-03,已完成,85
d65d544c,刘桂花,研发部,药物研发流程培训,2024-11-04,已完成,96
d65d544c,刘桂花,研发部,项目管理基础,2025-02-23,已完成,71
2c644091,薛小红,研发部,药物研发流程培训,2025-03-17,已完成,68
351778a7,马莹,研发部,实验室安全规范,2025-04-10,已完成,70
351778a7,马莹,研发部,药物研发流程培训,2022-08-23,已完成,
351778a7,马莹,研发部,数据分析与可视化,2024-12-27,已完成,
b49fa103,魏秀华,数据科学部,药物研发流程培训,2025-02-06,已完成,68
b49fa103,魏秀华,数据科学部,实验室安全规范,2025-03-15,已完成,
1b7085c9,萧娟,数据科学部,生物信息学入门,2025-04-02,已完成,84
e8c5ec5b,韩兵,临床研究部,生物信息学入门,2025-04-25,已完成,
77445269,王军,质量保证部,药物研发流程培训,2025-03-12,已完成,
77445269,王军,质量保证部,药物研发流程培训,2025-01-08,已完成,
77445269,王军,质量保证部,数据分析与可视化,2024-12-29,已完成,91
ed233e0c,李琴,数据科学部,药物研发流程培训,2025-03-11,已完成,86
ed233e0c,李琴,数据科学部,项目管理基础,2025-02-22,已完成,71
ed233e0c,李琴,数据科学部,生物信息学入门,2025-03-25,已完成,98
c7af92d4,刘建华,临床研究部,项目管理基础,2025-04-15,已完成,98
c7af92d4,刘建华,临床研究部,高级财务管理,2025-04-25,已完成,67
b8b22060,李杰,临床研究部,高级财务管理,2025-04-26,已完成,67
0073ac87,刘璐,研发部,生物信息学入门,2025-03-31,已完成,77
0073ac87,刘璐,研发部,药物研发流程培训,2025-03-09,已完成,95
0073ac87,刘璐,研发部,项目管理基础,2025-04-17,已完成,85
32b5eeab,郑东,质量保证部,实验室安全规范,2025-04-20,已完成,66
32b5eeab,郑东,质量保证部,实验室安全规范,2025-04-20,已完成,
32b5eeab,郑东,质量保证部,项目管理基础,2025-04-17,已完成,87
079ddd8e,邓勇,质量保证部,质量控制与合规性,2025-04-12,已完成,72
e4d5639e,程娜,数据科学部,项目管理基础,2022-08-23,已完成,
a9e9b0ce,雷阳,数据科学部,高级财务管理,2025-03-20,已完成,93
a9e9b0ce,雷阳,数据科学部,市场营销策略,2025-02-11,已完成,71
b99998df,梁龙,研发部,药物研发流程培训,2025-03-02,已完成,
b99998df,梁龙,研发部,数据分析与可视化,2025-03-23,已完成,80
88ee7daf,严博,研发部,数据分析与可视化,2025-03-28,已完成,66
88ee7daf,严博,研发部,生物信息学入门,2025-03-30,已完成,
88ee7daf,严博,研发部,市场营销策略,2025-03-11,已完成,80
59e7925a,何桂花,研发部,项目管理基础,2025-02-28,已完成,
59e7925a,何桂花,研发部,高级财务管理,2023-04-02,已完成,96
19cb8660,萧燕,临床研究部,数据分析与可视化,2022-07-27,已完成,85
19cb8660,萧燕,临床研究部,高级财务管理,2025-04-18,已完成,
0e923b0e,阎涛,临床研究部,生物信息学入门,2025-04-26,已完成,80
0e923b0e,阎涛,临床研究部,质量控制与合规性,2025-04-26,已完成,91
29f67102,方宇,质量保证部,项目管理基础,2025-04-07,已完成,67
29f67102,方宇,质量保证部,高级财务管理,2022-06-08,已完成,
fee136ba,高建军,数据科学部,生物信息学入门,2022-07-15,已完成,70
fee136ba,高建军,数据科学部,实验室安全规范,2025-03-01,已完成,94
fee136ba,高建军,数据科学部,药物研发流程培训,2022-07-04,已完成,62
117da732,唐雪,研发部,生物信息学入门,2025-04-08,已完成,84
117da732,唐雪,研发部,数据分析与可视化,2023-04-01,已完成,67
e8418806,贺春梅,研发部,生物信息学入门,2025-04-22,已完成,67
e8418806,贺春梅,研发部,项目管理基础,2025-04-21,已完成,77
05c6cf28,李阳,质量保证部,实验室安全规范,2025-02-20,已完成,82
05c6cf28,李阳,质量保证部,市场营销策略,2024-11-23,已完成,73
84797286,胡桂芝,临床研究部,生物信息学入门,2025-02-21,已完成,84
12b58c26,赵浩,研发部,质量控制与合规性,2025-04-25,已完成,80
12b58c26,赵浩,研发部,项目管理基础,2022-09-30,已完成,92
12b58c26,赵浩,研发部,实验室安全规范,2025-04-13,已完成,88
ca998da3,杨帆,数据科学部,药物研发流程培训,2025-04-13,已完成,70
3efed509,陈燕,数据科学部,数据分析与可视化,2025-04-26,已完成,66
987c1311,吴小红,临床研究部,实验室安全规范,2025-04-07,已完成,
ab5d65ff,曹杨,质量保证部,药物研发流程培训,2025-04-14,已完成,73
ab5d65ff,曹杨,质量保证部,市场营销策略,2025-04-20,已完成,88
ab5d65ff,曹杨,质量保证部,生物信息学入门,2025-04-04,已完成,72
11afadf0,唐兰英,临床研究部,高级财务管理,2022-11-04,已完成,87
11afadf0,唐兰英,临床研究部,药物研发流程培训,2025-03-12,已完成,63
11afadf0,唐兰英,临床研究部,数据分析与可视化,2022-12-12,已完成,
7679058b,廖秀兰,质量保证部,项目管理基础,2025-04-26,已完成,66
7679058b,廖秀兰,质量保证部,生物信息学入门,2025-04-19,已完成,73
7679058b,廖秀兰,质量保证部,高级财务管理,2025-04-02,已完成,98
3fd568d5,邓海燕,数据科学部,质量控制与合规性,2025-04-22,已完成,79
3fd568d5,邓海燕,数据科学部,数据分析与可视化,2025-04-20,已完成,64
3fd568d5,邓海燕,数据科学部,项目管理基础,2022-10-24,已完成,
ec65b5fc,国红,研发部,实验室安全规范,2025-04-16,已完成,70
96c98c91,唐静,研发部,质量控制与合规性,2025-03-27,已完成,
96c98c91,唐静,研发部,药物研发流程培训,2025-02-21,已完成,96
5ebe6705,何莉,研发部,数据分析与可视化,2023-04-23,已完成,66
5ebe6705,何莉,研发部,实验室安全规范,2025-04-13,已完成,82
5ebe6705,何莉,研发部,项目管理基础,2022-11-18,已完成,89
f8fa3835,申淑英,数据科学部,生物信息学入门,2025-04-09,已完成,98
f8fa3835,申淑英,数据科学部,质量控制与合规性,2022-07-21,已完成,61
f8fa3835,申淑英,数据科学部,市场营销策略,2025-04-25,已完成,69
106456af,陈艳,研发部,药物研发流程培训,2024-12-28,已完成,
106456af,陈艳,研发部,实验室安全规范,2025-01-17,已完成,94
106456af,陈艳,研发部,质量控制与合规性,2025-02-28,已完成,
ebef9c4b,马玉梅,研发部,市场营销策略,2025-03-03,已完成,77
ebef9c4b,马玉梅,研发部,质量控制与合规性,2024-10-15,已完成,
ebef9c4b,马玉梅,研发部,实验室安全规范,2025-01-17,已完成,60
bbdcf3dd,郭畅,质量保证部,质量控制与合规性,2025-04-23,已完成,99
6525f60f,陈涛,临床研究部,实验室安全规范,2022-12-04,已完成,
d9a3188f,陈亮,研发部,项目管理基础,2025-04-25,已完成,87
d9a3188f,陈亮,研发部,项目管理基础,2025-04-25,已完成,87
e8654779,余丹丹,数据科学部,实验室安全规范,2025-04-11,已完成,92
86db1a99,程红,质量保证部,生物信息学入门,2025-04-20,已完成,72
3500b8c0,覃建华,临床研究部,项目管理基础,2025-02-28,已完成,75
5085b16f,董波,临床研究部,实验室安全规范,2025-04-04,已完成,98
d2919609,徐梅,数据科学部,质量控制与合规性,2025-01-26,已完成,
d2919609,徐梅,数据科学部,项目管理基础,2025-03-14,已完成,79
21cc26c8,黄秀珍,研发部,质量控制与合规性,2025-04-25,已完成,
21cc26c8,黄秀珍,研发部,药物研发流程培训,2025-04-23,已完成,
ee3efd5b,金杰,质量保证部,实验室安全规范,2024-12-20,已完成,87
ee3efd5b,金杰,质量保证部,项目管理基础,2024-12-27,已完成,
ee3efd5b,金杰,质量保证部,项目管理基础,2022-07-06,已完成,
d57330ff,胡丽,研发部,质量控制与合规性,2025-03-23,已完成,99
d57330ff,胡丽,研发部,实验室安全规范,2025-03-20,已完成,
d57330ff,胡丽,研发部,生物信息学入门,2025-03-27,已完成,
027d2261,陈桂芳,质量保证部,药物研发流程培训,2025-03-19,已完成,
d129e0ab,刘浩,临床研究部,实验室安全规范,2025-03-13,已完成,81
a68646a4,温玉珍,质量保证部,生物信息学入门,2025-04-15,已完成,73
a68646a4,温玉珍,质量保证部,项目管理基础,2025-04-13,已完成,
a68646a4,温玉珍,质量保证部,数据分析与可视化,2025-04-21,已完成,79
9c33c6b3,张艳,数据科学部,生物信息学入门,2022-12-04,已完成,64
9c33c6b3,张艳,数据科学部,药物研发流程培训,2025-04-05,已完成,75
9c33c6b3,张艳,数据科学部,质量控制与合规性,2025-03-29,已完成,63
97253951,姚桂香,数据科学部,数据分析与可视化,2025-04-18,已完成,94
0ca225e7,周玉华,数据科学部,高级财务管理,2023-02-26,已完成,
0ca225e7,周玉华,数据科学部,生物信息学入门,2025-04-13,已完成,70
0ca225e7,周玉华,数据科学部,数据分析与可视化,2025-03-22,已完成,78
11bedcb3,赵桂英,研发部,生物信息学入门,2025-04-19,已完成,84
11bedcb3,赵桂英,研发部,项目管理基础,2022-05-03,已完成,69
e36eefc1,唐兵,研发部,质量控制与合规性,2025-04-25,已完成,99
e27cac9f,朱玲,研发部,项目管理基础,2025-02-07,已完成,89
dd576d22,王峰,数据科学部,高级财务管理,2025-04-16,已完成,93
dd576d22,王峰,数据科学部,实验室安全规范,2025-04-20,已完成,96
dd576d22,王峰,数据科学部,市场营销策略,2025-04-11,已完成,79
5f4adbbb,王敏,研发部,质量控制与合规性,2025-04-19,已完成,96
5f4adbbb,王敏,研发部,生物信息学入门,2025-04-10,已完成,68
d9e25237,田亮,质量保证部,质量控制与合规性,2022-08-23,已完成,64
d9e25237,田亮,质量保证部,数据分析与可视化,2025-04-19,已完成,66
d9e25237,田亮,质量保证部,实验室安全规范,2022-08-29,已完成,75
a8c3d0cf,黄莹,临床研究部,项目管理基础,2025-02-22,已完成,63
a8c3d0cf,黄莹,临床研究部,生物信息学入门,2025-01-21,已完成,
9663a59f,马霞,临床研究部,实验室安全规范,2025-03-13,已完成,
09b87215,盘淑英,临床研究部,数据分析与可视化,2025-04-24,已完成,
09b87215,盘淑英,临床研究部,数据分析与可视化,2025-04-18,已完成,70
09b87215,盘淑英,临床研究部,数据分析与可视化,2023-04-18,已完成,
6a3dfaec,贺晶,研发部,数据分析与可视化,2024-09-26,已完成,83
99c77d20,刘瑞,质量保证部,数据分析与可视化,2025-04-03,已完成,93
99c77d20,刘瑞,质量保证部,质量控制与合规性,2025-04-05,已完成,92
cdb56109,徐玉梅,数据科学部,高级财务管理,2025-04-10,已完成,100
3be1b3dc,徐建平,数据科学部,市场营销策略,2025-04-14,已完成,
3be1b3dc,徐建平,数据科学部,药物研发流程培训,2025-03-28,已完成,78
3be1b3dc,徐建平,数据科学部,高级财务管理,2025-04-12,已完成,70
08e1f020,阮敏,研发部,质量控制与合规性,2022-06-16,已完成,99
08e1f020,阮敏,研发部,市场营销策略,2025-02-14,已完成,76
08e1f020,阮敏,研发部,实验室安全规范,2023-03-28,已完成,63
8f4684ee,许兰英,研发部,药物研发流程培训,2025-04-25,已完成,64
8f4684ee,许兰英,研发部,市场营销策略,2025-04-21,已完成,62
8f4684ee,许兰英,研发部,质量控制与合规性,2025-04-15,已完成,65
bbff2c7c,冯秀梅,数据科学部,药物研发流程培训,2024-08-10,已完成,
bbff2c7c,冯秀梅,数据科学部,实验室安全规范,2025-04-07,已完成,79
bbff2c7c,冯秀梅,数据科学部,数据分析与可视化,2022-05-25,已完成,
b75d39bf,朱丹,临床研究部,市场营销策略,2025-04-24,已完成,61
b75d39bf,朱丹,临床研究部,生物信息学入门,2025-04-25,已完成,
b75d39bf,朱丹,临床研究部,药物研发流程培训,2025-04-26,已完成,99
0ca4c33e,陈杨,临床研究部,药物研发流程培训,2025-02-21,已完成,65
0ca4c33e,陈杨,临床研究部,生物信息学入门,2025-03-08,已完成,94
0ca4c33e,陈杨,临床研究部,生物信息学入门,2025-03-08,已完成,94
d54ed6fa,王楠,临床研究部,数据分析与可视化,2022-07-19,已完成,64
d54ed6fa,王楠,临床研究部,实验室安全规范,2025-04-10,已完成,
d54ed6fa,王楠,临床研究部,数据分析与可视化,2025-04-24,已完成,68
0f856fd9,龚玉英,临床研究部,药物研发流程培训,2025-04-12,已完成,94
7089ad62,罗凤英,数据科学部,项目管理基础,2025-02-14,已完成,83
85cc3916,马娜,临床研究部,市场营销策略,2025-04-01,已完成,94
85cc3916,马娜,临床研究部,生物信息学入门,2025-04-05,已完成,91
85cc3916,马娜,临床研究部,数据分析与可视化,2025-04-10,已完成,93
17353e2b,刘强,数据科学部,生物信息学入门,2022-11-25,已完成,69
17353e2b,刘强,数据科学部,高级财务管理,2024-11-17,已完成,89
ca00ecc7,董琳,临床研究部,项目管理基础,2022-07-09,已完成,65
ca00ecc7,董琳,临床研究部,高级财务管理,2025-04-20,已完成,84
ca00ecc7,董琳,临床研究部,市场营销策略,2025-04-18,已完成,
ca00ecc7,董琳,临床研究部,市场营销策略,2025-04-18,已完成,
f590b0d2,龙玉梅,质量保证部,药物研发流程培训,2025-04-20,已完成,81
f590b0d2,龙玉梅,质量保证部,质量控制与合规性,2025-04-19,已完成,61
7e8be450,贾梅,研发部,生物信息学入门,2025-04-21,已完成,63
7e8be450,贾梅,研发部,生物信息学入门,2025-04-26,已完成,78
76b3cd1a,杨洁,临床研究部,生物信息学入门,2024-12-22,已完成,93
76b3cd1a,杨洁,临床研究部,市场营销策略,2022-09-05,已完成,75
76b3cd1a,杨洁,临床研究部,药物研发流程培训,2025-01-31,已完成,94
76b3cd1a,杨洁,临床研究部,药物研发流程培训,2025-01-31,已完成,94
fcd99f1d,潘辉,研发部,实验室安全规范,2025-02-24,已完成,76
fcd99f1d,潘辉,研发部,质量控制与合规性,2025-02-20,已完成,
1b5f2bcb,黄建华,研发部,市场营销策略,2022-07-09,已完成,88
e3919c80,王鹏,质量保证部,数据分析与可视化,2025-04-22,已完成,97
e3919c80,王鹏,质量保证部,质量控制与合规性,2025-04-22,已完成,64
e3919c80,王鹏,质量保证部,实验室安全规范,2023-01-03,已完成,91
068306c0,王荣,研发部,市场营销策略,2022-08-25,已完成,
068306c0,王荣,研发部,市场营销策略,2024-12-21,已完成,95
068306c0,王荣,研发部,实验室安全规范,2024-09-30,已完成,
d5984bea,郭洋,临床研究部,质量控制与合规性,2022-05-14,已完成,66
4b8b1de6,俞芳,质量保证部,数据分析与可视化,2025-03-09,已完成,83
41190a15,陈坤,数据科学部,实验室安全规范,2025-04-10,已完成,
41190a15,陈坤,数据科学部,实验室安全规范,2025-03-02,已完成,83
c292d430,李建军,研发部,实验室安全规范,2025-04-19,已完成,
c292d430,李建军,研发部,实验室安全规范,2025-04-19,已完成,
4e4de251,梁阳,研发部,数据分析与可视化,2025-03-06,已完成,92
4e4de251,梁阳,研发部,质量控制与合规性,2025-03-12,已完成,73
4e4de251,梁阳,研发部,生物信息学入门,2025-03-01,已完成,84
5f480672,刘宇,研发部,质量控制与合规性,2025-04-16,已完成,96
6b92393d,张萍,临床研究部,质量控制与合规性,2025-03-21,已完成,98
6a2dd55b,杨桂芳,研发部,数据分析与可视化,2025-04-22,已完成,78
6a2dd55b,杨桂芳,研发部,实验室安全规范,2025-04-12,已完成,80
f137db67,姚兵,质量保证部,市场营销策略,2025-03-04,已完成,82
f137db67,姚兵,质量保证部,生物信息学入门,2025-04-16,已完成,74
f137db67,姚兵,质量保证部,质量控制与合规性,2025-03-04,已完成,68
8a14ac9b,叶敏,临床研究部,质量控制与合规性,2025-03-30,已完成,98
8a14ac9b,叶敏,临床研究部,实验室安全规范,2025-03-01,已完成,
8a14ac9b,叶敏,临床研究部,数据分析与可视化,2025-03-18,已完成,100
024647ae,董志强,临床研究部,药物研发流程培训,2025-04-15,已完成,
024647ae,董志强,临床研究部,市场营销策略,2022-10-28,已完成,66
024647ae,董志强,临床研究部,市场营销策略,2022-10-28,已完成,66
3a1eba8c,林荣,数据科学部,药物研发流程培训,2025-01-09,已完成,
b67f17e6,曹洁,质量保证部,数据分析与可视化,2025-03-28,已完成,95
b67f17e6,曹洁,质量保证部,实验室安全规范,2025-03-31,已完成,81
cc38a45f,张秀芳,研发部,药物研发流程培训,2025-04-16,已完成,82
8126bcba,李楠,研发部,项目管理基础,2024-08-06,已完成,90
8126bcba,李楠,研发部,生物信息学入门,2022-11-27,已完成,92
8126bcba,李楠,研发部,质量控制与合规性,2024-11-18,已完成,89
3850d168,伍成,临床研究部,实验室安全规范,2025-02-23,已完成,66
3850d168,伍成,临床研究部,药物研发流程培训,2025-03-12,已完成,93
3850d168,伍成,临床研究部,项目管理基础,2025-02-06,已完成,84
de55a0ed,赖成,质量保证部,生物信息学入门,2025-02-25,已完成,93
de55a0ed,赖成,质量保证部,实验室安全规范,2024-12-17,已完成,
de55a0ed,赖成,质量保证部,实验室安全规范,2024-12-05,已完成,74
82c224ca,姚瑞,数据科学部,药物研发流程培训,2022-08-31,已完成,77
82c224ca,姚瑞,数据科学部,高级财务管理,2025-02-18,已完成,61
82c224ca,姚瑞,数据科学部,药物研发流程培训,2025-04-26,已完成,61
7311e5d3,徐秀珍,数据科学部,生物信息学入门,2025-04-26,已完成,68
7311e5d3,徐秀珍,数据科学部,药物研发流程培训,2025-04-26,已完成,67
edf4d580,张琴,数据科学部,实验室安全规范,2025-03-25,已完成,67
c6f49e2f,覃红,研发部,生物信息学入门,2025-02-02,已完成,
b29d2e37,郭雪,临床研究部,质量控制与合规性,2025-04-20,已完成,64
b29d2e37,郭雪,临床研究部,药物研发流程培训,2025-04-13,已完成,93
b29d2e37,郭雪,临床研究部,生物信息学入门,2023-01-10,已完成,100
b29d2e37,郭雪,临床研究部,生物信息学入门,2023-01-10,已完成,100
528d06ab,李建平,质量保证部,质量控制与合规性,2025-03-24,已完成,74
bfe19087,萧志强,质量保证部,生物信息学入门,2025-04-22,已完成,68
030ff2d4,杨飞,研发部,生物信息学入门,2023-04-11,已完成,87
030ff2d4,杨飞,研发部,数据分析与可视化,2025-03-22,已完成,62
030ff2d4,杨飞,研发部,项目管理基础,2025-03-22,已完成,75
8f84dfc0,萧荣,研发部,实验室安全规范,2025-03-18,已完成,78
2fbe1a3b,杨玲,数据科学部,实验室安全规范,2022-07-05,已完成,78
2fbe1a3b,杨玲,数据科学部,实验室安全规范,2025-04-03,已完成,88
2fbe1a3b,杨玲,数据科学部,药物研发流程培训,2025-03-28,已完成,
4ba4f8b0,骆娜,数据科学部,生物信息学入门,2025-04-20,已完成,
4ba4f8b0,骆娜,数据科学部,项目管理基础,2022-10-19,已完成,75
a1a7c531,杨玉兰,数据科学部,药物研发流程培训,2025-03-25,已完成,80
a1a7c531,杨玉兰,数据科学部,项目管理基础,2025-01-16,已完成,87
30761c75,谭超,临床研究部,数据分析与可视化,2025-04-22,已完成,62
30761c75,谭超,临床研究部,质量控制与合规性,2025-04-25,已完成,94
30761c75,谭超,临床研究部,高级财务管理,2025-04-21,已完成,68
c75bf8c0,詹东,数据科学部,生物信息学入门,2025-04-20,已完成,82
572119e6,蒋金凤,质量保证部,数据分析与可视化,2025-04-22,已完成,72
572119e6,蒋金凤,质量保证部,项目管理基础,2025-04-07,已完成,74
572119e6,蒋金凤,质量保证部,实验室安全规范,2025-04-07,已完成,73
572119e6,蒋金凤,质量保证部,实验室安全规范,2025-04-07,已完成,73
fef8a8f6,唐桂芝,质量保证部,质量控制与合规性,2025-04-16,已完成,
3725af26,鲍文,研发部,药物研发流程培训,2023-03-27,已完成,75
3725af26,鲍文,研发部,项目管理基础,2025-03-13,已完成,68
3834a746,赵东,研发部,药物研发流程培训,2022-05-29,已完成,86
d6164f97,陈小红,数据科学部,药物研发流程培训,2025-02-25,已完成,85
4983dfe2,王桂珍,研发部,项目管理基础,2025-02-11,已完成,61
4983dfe2,王桂珍,研发部,药物研发流程培训,2025-02-17,已完成,96
dcc1d071,刘冬梅,数据科学部,质量控制与合规性,2025-04-26,已完成,78
dcc1d071,刘冬梅,数据科学部,数据分析与可视化,2025-04-26,已完成,91
4c23214e,姜丽娟,研发部,药物研发流程培训,2025-04-24,已完成,96
4c23214e,姜丽娟,研发部,数据分析与可视化,2025-04-04,已完成,90
4c23214e,姜丽娟,研发部,高级财务管理,2025-04-09,已完成,
cfd76daa,杨静,质量保证部,质量控制与合规性,2025-04-23,已完成,69
cfd76daa,杨静,质量保证部,市场营销策略,2025-04-24,已完成,96
f43fdf83,吴利,研发部,生物信息学入门,2023-01-28,已完成,69
f43fdf83,吴利,研发部,质量控制与合规性,2025-04-20,已完成,60
95095093,杜桂荣,质量保证部,质量控制与合规性,2024-12-18,已完成,75
95095093,杜桂荣,质量保证部,质量控制与合规性,2024-10-02,已完成,65
933f91b6,李龙,质量保证部,药物研发流程培训,2025-04-18,已完成,
45aa2fa8,萧亮,研发部,药物研发流程培训,2025-03-13,已完成,91
63ba74dc,袁桂兰,数据科学部,质量控制与合规性,2025-04-19,已完成,60
63ba74dc,袁桂兰,数据科学部,实验室安全规范,2025-04-24,已完成,77
63ba74dc,袁桂兰,数据科学部,实验室安全规范,2022-09-13,已完成,70
f4715201,梁秀云,数据科学部,生物信息学入门,2025-04-24,已完成,98
f4715201,梁秀云,数据科学部,实验室安全规范,2025-04-23,已完成,68
f4715201,梁秀云,数据科学部,项目管理基础,2025-04-23,已完成,
d9b0e8a7,周桂珍,数据科学部,实验室安全规范,2025-03-04,已完成,72
720aa668,廖艳,研发部,质量控制与合规性,2022-11-08,已完成,70
bf88cdad,潘秀华,数据科学部,生物信息学入门,2025-04-26,已完成,
bf88cdad,潘秀华,数据科学部,项目管理基础,2025-02-23,已完成,79
