候选人ID,姓名,性别,电话,邮箱,应聘职位,应聘部门,面试日期,是否正式员工
30f9f615,崔丽华,男,13015915790,ming89@example.net,研究员,数据科学部,2024-12-11,是
66b7fd8c,赵利,男,13048876380,chaozhong@example.com,实验室技术员,临床研究部,2024-09-18,是
a5a46387,刘莹,男,15612190518,guxiulan@example.net,质量控制专员,研发部,2025-02-08,是
02c2fc50,毛帅,女,13020706690,cuiqiang@example.net,研究员,研发部,2024-06-13,是
af39f9c0,戴建,男,15989334864,pcheng@example.net,实验室技术员,临床研究部,2024-08-19,是
791c247a,朱桂芳,男,13096833557,tianqiang@example.org,质量控制专员,临床研究部,2025-01-21,是
e731bdd8,陶红霞,女,13755505705,yangdu@example.net,实验室技术员,质量保证部,2024-10-18,是
969bc0cf,郭萍,女,15104588311,gang47@example.org,研究员,临床研究部,2024-12-20,是
4056e0f4,谭娜,女,15550368715,mxia@example.org,数据分析师,数据科学部,2025-01-23,是
b1b1c189,康欣,男,14578023445,swei@example.com,实验室技术员,数据科学部,2024-09-23,是
7b14dbd0,梁英,男,13436640163,xiuyinglu@example.com,研究员,质量保证部,2024-07-15,是
c1083a38,林利,男,18015975729,yongsong@example.org,数据分析师,数据科学部,2024-06-03,是
dfb55811,娄利,女,18502915854,junjin@example.org,研究员,质量保证部,2024-08-13,是
bf907179,万柳,男,13685483966,tanjuan@example.com,项目经理,研发部,2024-08-10,是
615a7678,毛霞,女,15921595841,vli@example.net,质量控制专员,数据科学部,2024-06-07,是
6c2083d6,徐雪,男,13422181698,yuanli@example.org,研究员,研发部,2024-07-18,是
2b27d351,龙荣,男,15909483774,fuxiulan@example.net,数据分析师,研发部,2025-03-06,是
5621b6a8,陈秀英,男,14702650996,guiyingxie@example.org,研究员,质量保证部,2024-09-25,是
33ed708d,孙淑珍,女,18266102563,jing02@example.org,项目经理,数据科学部,2024-06-13,是
35558dff,刘刚,男,13637683675,duantao@example.com,数据分析师,数据科学部,2024-12-06,是
e4a45cba,张莉,男,15161440923,mingdeng@example.com,数据分析师,研发部,2024-08-15,是
602d8a14,詹淑兰,男,18142601863,yfu@example.org,质量控制专员,临床研究部,2024-05-20,是
4d8bd713,卢春梅,男,18195592277,zlei@example.org,项目经理,质量保证部,2024-08-13,是
f47c2a4b,王凤英,女,13425513444,jtao@example.org,质量控制专员,临床研究部,2024-11-07,是
85dbee0f,梁梅,女,18833145461,yong74@example.net,研究员,临床研究部,2025-02-23,是
a07b4de4,黄林,男,15197887953,gaoyan@example.org,数据分析师,质量保证部,2024-08-09,是
60f82c2a,陈丽丽,女,18866183085,daiguiying@example.net,研究员,临床研究部,2025-01-05,是
bba665e6,卜凯,女,15239151143,itao@example.com,实验室技术员,质量保证部,2024-06-27,是
823cbf34,管洋,女,18881871096,ping42@example.com,项目经理,临床研究部,2025-01-29,是
16daea24,赵伟,女,13869331542,chaoqiu@example.org,实验室技术员,临床研究部,2024-05-15,是
bae8883f,王桂花,女,18255052241,linjie@example.org,质量控制专员,质量保证部,2024-09-20,是
dd756ff9,王玉梅,女,13645992016,nkong@example.net,数据分析师,临床研究部,2024-11-02,是
9714b8f8,李亮,男,15100539222,pengna@example.org,质量控制专员,质量保证部,2024-12-21,是
df3ee0b5,麦平,男,18011348433,houjun@example.net,研究员,研发部,2024-06-28,是
46abf78f,郭林,男,13332394564,jie34@example.org,实验室技术员,质量保证部,2024-10-26,是
1f240dda,金梅,男,14576024986,rhou@example.org,项目经理,质量保证部,2025-01-23,是
c581bc07,刘淑英,女,15573498529,wjin@example.com,质量控制专员,数据科学部,2025-02-25,是
f65cd286,杨东,男,15965591476,mingkong@example.net,研究员,数据科学部,2024-10-29,是
73d9fc2b,赵旭,女,15175336952,qiang46@example.com,研究员,数据科学部,2025-01-14,是
f511225f,杨桂荣,女,13898532436,jyan@example.com,实验室技术员,质量保证部,2024-06-02,是
b5415e6d,李桂芳,男,18063835434,vxiao@example.net,数据分析师,临床研究部,2025-01-25,是
05f075e7,董杰,男,18216824979,xiuyingyao@example.net,数据分析师,临床研究部,2025-02-08,是
5983aba7,赵琴,男,18038116837,changjun@example.org,数据分析师,临床研究部,2024-10-24,是
b8baf472,马春梅,男,13572014896,txiao@example.org,质量控制专员,数据科学部,2024-11-15,是
4b2b338f,吴丹,女,13231214639,qiang62@example.com,研究员,研发部,2024-12-17,是
7c10e898,崔志强,女,15945633917,xiulanyan@example.net,数据分析师,临床研究部,2025-03-21,是
dadbd268,张燕,男,13011266497,yiping@example.com,实验室技术员,研发部,2025-04-23,是
12628f9a,赵芳,男,14753910161,mingxu@example.org,项目经理,研发部,2024-06-06,是
b7e27d61,郑桂英,男,18690133344,taozhao@example.com,实验室技术员,质量保证部,2025-02-24,是
3627772c,卓丹,男,13114098410,shitao@example.net,数据分析师,质量保证部,2024-07-14,是
2f832cce,都俊,男,13760499100,yang20@example.org,质量控制专员,临床研究部,2024-11-05,是
392dfe4d,邵欢,女,15980199034,guiyinghu@example.com,项目经理,数据科学部,2024-10-26,是
2148bc6a,陈秀兰,女,18120353160,qxiong@example.org,质量控制专员,质量保证部,2024-10-20,是
7317a090,张春梅,男,13515711713,yanduan@example.net,实验室技术员,临床研究部,2024-12-31,是
aeaac080,宿莉,男,18170288141,fuxia@example.com,数据分析师,研发部,2025-03-03,是
eada806a,杨桂芝,男,18919367857,blin@example.org,质量控制专员,临床研究部,2024-12-03,是
42624b1f,罗浩,男,13574916194,junyuan@example.org,研究员,研发部,2024-06-08,是
c2498c3a,温宇,男,18531535069,lzhang@example.com,研究员,研发部,2024-05-20,是
0c12e6fb,白雪,女,13952741025,tao17@example.net,研究员,临床研究部,2024-11-10,是
ac076b2e,郭兰英,女,18269489930,pengguiying@example.net,项目经理,临床研究部,2025-04-23,是
9d8a6034,周倩,男,15663558422,uyu@example.org,质量控制专员,质量保证部,2024-10-09,是
6745f3cd,赵畅,男,15950460700,linyang@example.com,项目经理,质量保证部,2024-06-05,是
8ea550e8,王淑珍,男,13062408710,yuping@example.com,研究员,研发部,2024-11-10,是
6602c812,袁帅,女,18828207623,fengming@example.net,数据分析师,质量保证部,2024-06-24,是
5cd9cb01,李峰,女,13928240847,jie83@example.com,项目经理,研发部,2025-04-26,是
5e67f74c,王桂英,男,13608479135,zouguiying@example.org,研究员,质量保证部,2024-08-31,是
c579c31f,尹玉梅,女,14757228920,hlin@example.net,研究员,临床研究部,2025-01-07,是
ea21e1e8,司刚,男,14578302801,liuguiying@example.net,实验室技术员,质量保证部,2024-08-09,是
f1d68922,刘宇,男,14552814478,ssun@example.net,项目经理,临床研究部,2025-03-15,是
9f81c803,罗雷,女,13688930635,pxie@example.net,项目经理,临床研究部,2025-04-15,是
a95c3214,孙林,男,15621397436,lumin@example.net,项目经理,研发部,2024-08-22,是
5d1c5f4d,焦柳,男,13294084290,byao@example.net,质量控制专员,研发部,2024-12-15,是
72790bc6,黄建军,男,13098606106,ping73@example.org,实验室技术员,临床研究部,2024-10-08,是
ddd39a66,黄平,女,13665276136,liuxiulan@example.net,项目经理,质量保证部,2024-05-17,是
00f77c69,刘军,男,13043769929,rlin@example.com,项目经理,研发部,2024-10-11,是
29d96625,严博,男,15708423242,liwei@example.org,项目经理,研发部,2025-01-31,否
4a7c0763,李阳,女,15215536915,min74@example.net,数据分析师,质量保证部,2025-03-31,否
889b69aa,张瑜,女,13260242570,juanjiang@example.net,项目经理,质量保证部,2024-06-17,否
935197d4,袁桂兰,男,15823158286,fangliang@example.org,实验室技术员,数据科学部,2025-03-25,否
51451cf7,许秀荣,男,13999172174,xiuyinggao@example.org,研究员,研发部,2024-05-05,否
20e29645,赵东,女,18115392669,taobai@example.com,研究员,研发部,2024-07-15,否
e1745e07,江超,女,14713928048,chao22@example.org,质量控制专员,临床研究部,2024-09-25,否
a3738924,李秀英,男,15533593797,yaofang@example.org,质量控制专员,研发部,2024-05-17,否
e0447e6f,张慧,男,18216225647,weiming@example.com,研究员,研发部,2025-04-15,否
ebbdbe5d,王欣,男,13292304532,gangqiao@example.net,项目经理,研发部,2024-12-11,否
1a21de9e,俞宇,男,15256474370,yeli@example.com,质量控制专员,研发部,2024-07-06,否
16762d5d,祝欣,男,18866650527,ideng@example.org,项目经理,数据科学部,2025-02-06,否
60124714,罗凤英,女,18880619022,gangzheng@example.org,实验室技术员,数据科学部,2024-09-16,否
5adb73e2,王荣,男,15563532237,xiangming@example.net,数据分析师,质量保证部,2024-06-21,否
09c8d677,吴红,男,15585637114,xiuyinglong@example.org,数据分析师,质量保证部,2024-05-03,否
e3377ce5,冉丽,女,18753989231,jielei@example.com,研究员,研发部,2024-08-30,否
07fe21ab,吴利,女,13878417837,kmao@example.org,质量控制专员,研发部,2025-03-14,否
15379730,伍成,男,13511406526,llin@example.com,质量控制专员,临床研究部,2024-10-05,否
922f5f9b,汤洁,女,13627245533,rpan@example.com,实验室技术员,数据科学部,2024-08-18,否
f97ce90d,冯秀梅,男,15187849622,xiulan45@example.org,实验室技术员,数据科学部,2024-05-03,否
daffbebe,韩玉梅,女,13469296568,guiying20@example.com,实验室技术员,质量保证部,2025-01-31,否
2d5d8cfc,常金凤,女,13993509793,yong42@example.org,质量控制专员,研发部,2024-06-12,否
f207181b,陈柳,女,18102234778,liaoming@example.com,研究员,临床研究部,2025-01-15,否
476b150f,钱成,女,15818407033,ganglin@example.com,研究员,研发部,2024-11-15,否
fd01d9b2,金想,男,18720945167,asong@example.com,数据分析师,数据科学部,2024-07-07,否
55123790,董琳,男,14701122008,wei42@example.com,数据分析师,临床研究部,2025-02-19,否
feeb2c11,张楠,女,18279608289,uwan@example.net,质量控制专员,质量保证部,2024-12-15,否
99b1c711,吴颖,女,15549469208,ping49@example.net,研究员,研发部,2025-02-25,否
5ac692a3,武峰,女,15195193500,fanmin@example.com,数据分析师,研发部,2024-09-16,否
a851cf9b,杨飞,男,13103889044,daili@example.org,数据分析师,临床研究部,2024-08-03,否
24cf6878,杨海燕,女,18185135381,wei37@example.com,实验室技术员,质量保证部,2024-10-10,否
582f5d26,林岩,女,13590168564,ffang@example.com,质量控制专员,研发部,2024-11-12,否
11e27a3e,李明,男,13871698837,shigang@example.org,研究员,临床研究部,2024-09-06,否
cd136028,周玉华,男,13719976759,yonghu@example.org,数据分析师,临床研究部,2024-09-24,否
c96da5ff,孔凤英,女,18005835345,yanming@example.com,实验室技术员,研发部,2024-08-23,否
062c93c9,高艳,女,15833998242,qqiu@example.org,数据分析师,研发部,2024-05-30,否
d5626dfb,杨平,女,13658466879,chaohu@example.org,实验室技术员,临床研究部,2024-06-20,否
b71db728,张丽华,男,13976698345,yuming@example.net,数据分析师,质量保证部,2025-01-10,否
7d5e87c1,杨洁,男,15261308730,ufu@example.org,实验室技术员,临床研究部,2024-12-15,否
4248399e,罗志强,男,18877711842,jie78@example.com,项目经理,研发部,2024-07-07,否
d42d8fd9,王凯,男,13810242344,rjia@example.org,数据分析师,质量保证部,2024-08-31,否
967adb24,郝秀芳,男,18819619971,tpan@example.net,数据分析师,临床研究部,2024-10-02,否
922a198b,赵淑英,男,18240996833,lei00@example.net,项目经理,研发部,2025-01-12,否
62100577,张红,女,13865379322,xuegang@example.com,实验室技术员,临床研究部,2024-07-24,否
e59efba5,孙畅,女,18547360157,dongmin@example.org,数据分析师,数据科学部,2025-01-23,否
4a06684e,王桂珍,男,18526008026,xia93@example.net,实验室技术员,研发部,2024-07-30,否
006c7163,申淑英,男,18083354883,tao19@example.org,项目经理,数据科学部,2024-06-04,否
bdbb9079,马俊,女,15346386643,chaohuang@example.org,研究员,数据科学部,2025-04-05,否
e610212e,杜桂荣,女,18252824685,xiulan27@example.net,质量控制专员,质量保证部,2024-06-12,否
d743ed58,王超,女,18520860146,lugang@example.net,研究员,研发部,2024-05-04,否
84aa3ce4,陈建,女,18816303356,nayang@example.net,实验室技术员,数据科学部,2025-01-30,否
7af38e57,秦健,男,18900090899,gangxiao@example.com,研究员,质量保证部,2024-11-02,否
2fad2eb5,孟婷,女,18080283541,xia92@example.net,数据分析师,质量保证部,2024-12-31,否
c924dfb4,王燕,男,18537661366,xiayuan@example.org,项目经理,临床研究部,2024-10-30,否
60ae6c35,李成,女,15668159474,wbai@example.net,研究员,质量保证部,2024-07-15,否
917674e2,王倩,男,15683309673,gyi@example.com,质量控制专员,临床研究部,2025-04-19,否
88833e63,罗佳,女,18642693765,fanna@example.com,项目经理,研发部,2024-09-29,否
5de295ee,林荣,女,15928836368,chao16@example.net,质量控制专员,数据科学部,2024-06-24,否
618113a6,张晨,男,13966678809,qiangyuan@example.com,数据分析师,数据科学部,2024-05-27,否
b22371e4,权晶,女,13928989074,minxiong@example.net,数据分析师,质量保证部,2024-06-03,否
fd17d9ae,杨荣,女,18872659764,xiaojuan@example.net,质量控制专员,临床研究部,2024-09-08,否
7d5a9bb9,杨斌,男,18941716578,xiulandeng@example.org,项目经理,质量保证部,2024-11-28,否
cc52f320,武倩,男,13318871148,dcheng@example.net,质量控制专员,数据科学部,2024-09-05,否
694068fb,王彬,女,15149287875,ocui@example.org,质量控制专员,研发部,2024-12-17,否
350691bb,宋勇,女,13712501860,kliang@example.net,数据分析师,临床研究部,2025-01-27,否
39805006,赵红梅,女,13822336931,qiaojing@example.org,质量控制专员,数据科学部,2024-04-30,否
139c7149,彭军,女,13842662497,jun74@example.org,项目经理,质量保证部,2025-01-06,否
5677a415,胡俊,男,13344695674,qianxia@example.com,质量控制专员,质量保证部,2025-02-08,否
a08df1b0,萧娟,男,15834514668,gmo@example.org,研究员,数据科学部,2024-12-25,否
6de0dfe2,林英,女,13135862673,tqin@example.net,研究员,临床研究部,2024-08-18,否
776902b4,王桂芳,女,18858708943,yangren@example.net,实验室技术员,临床研究部,2024-11-17,否
e644b58f,陈雪梅,男,14558050450,fang92@example.net,研究员,研发部,2024-08-02,否
43dccc4b,张磊,男,13573429390,osu@example.net,项目经理,研发部,2024-10-22,否
af55d3a9,顾玉梅,女,15150380162,xia51@example.com,项目经理,临床研究部,2024-05-10,否
82d52bbb,蒋强,女,15250281435,ganggao@example.com,项目经理,质量保证部,2024-11-30,否
8e1e8f64,薛小红,男,14553111235,liangjing@example.com,实验室技术员,研发部,2024-09-04,否
686d6fa4,江建国,男,13166251085,hjiang@example.org,项目经理,临床研究部,2024-11-14,否
918e40a1,杨慧,男,13646091935,dongtao@example.net,质量控制专员,质量保证部,2025-03-22,否
e3180820,杨兰英,男,15737062728,shaoqiang@example.org,质量控制专员,临床研究部,2024-07-25,否
93f81c2b,吴成,男,18015756264,haoping@example.org,项目经理,临床研究部,2024-10-31,否
cb49e9be,林玉,女,15920990693,yaoping@example.org,质量控制专员,数据科学部,2024-05-03,否
3dda410a,尚雪,女,13667045059,jiezheng@example.net,质量控制专员,质量保证部,2025-01-15,否
448a16cf,刘帅,女,13934388804,gang42@example.org,实验室技术员,质量保证部,2024-06-18,否
0215023e,赵云,女,13528231342,xpan@example.com,数据分析师,临床研究部,2024-10-04,否
7e4f583e,张鑫,女,13754904431,yangliu@example.org,质量控制专员,质量保证部,2024-10-02,否
88755c0b,刘凯,男,18102977115,renjie@example.net,数据分析师,质量保证部,2024-11-25,否
30990ec6,许冬梅,男,18151732816,yongye@example.org,数据分析师,临床研究部,2025-01-23,否
772c699f,刘建军,女,13919836915,rjia@example.com,数据分析师,数据科学部,2024-10-02,否
0224210e,李杰,男,15829877074,xiuying91@example.com,实验室技术员,临床研究部,2025-03-08,否
8eeb1433,刘玉珍,男,13502026838,nxie@example.org,项目经理,临床研究部,2025-03-16,否
6e48a11c,曾华,男,13995867603,lichao@example.net,研究员,质量保证部,2025-02-05,否
08305e89,陈桂芳,女,15654182368,chenggang@example.org,数据分析师,质量保证部,2025-02-23,否
d40328ad,徐斌,女,13551334601,jing20@example.org,研究员,临床研究部,2024-07-21,否
2402836d,黄静,女,13908316816,pingcai@example.org,项目经理,研发部,2024-11-08,否
25d4f7c3,萧荣,女,15069078947,ltao@example.org,项目经理,研发部,2024-05-11,否
cbb78072,李霞,女,18510707163,xia50@example.net,数据分析师,质量保证部,2024-12-27,否
187b04e6,李红霞,女,18708511919,yang45@example.com,质量控制专员,临床研究部,2025-04-03,否
f7454e6d,许建,女,14565561927,fwan@example.org,实验室技术员,数据科学部,2024-10-03,否
b3eae53c,蒋桂花,女,13062639561,naqian@example.com,项目经理,研发部,2024-11-11,否
aaacfa25,黄金凤,女,14771388740,jiejia@example.net,数据分析师,质量保证部,2024-12-21,否
b7692d4b,董波,男,15246627633,linyong@example.org,项目经理,临床研究部,2024-05-22,否
0507fc89,赵帆,男,15642152483,yangna@example.net,项目经理,研发部,2025-01-20,否
17511a85,葛丽娟,男,15170465689,gyan@example.com,项目经理,临床研究部,2025-03-31,否
d490476f,吴敏,女,13404837936,yandong@example.com,实验室技术员,研发部,2024-11-23,否
787ba956,姜峰,女,14591270659,leideng@example.org,项目经理,数据科学部,2025-03-24,否
3c829e89,吴峰,男,13211872282,tao18@example.org,项目经理,数据科学部,2024-05-03,否
dcb5a64d,徐莹,女,15507578984,lliao@example.net,项目经理,数据科学部,2024-10-07,否
69237cd2,陈亮,女,13771148656,wei18@example.net,数据分析师,研发部,2024-11-07,否
731a73ab,邸磊,女,18217356316,guiyinghan@example.net,研究员,研发部,2024-10-11,否
16b21239,雷秀芳,女,15326169496,taoxie@example.net,实验室技术员,研发部,2024-05-21,否
a6d5986c,郭鹏,男,15982013071,wwan@example.org,研究员,临床研究部,2025-02-11,否
c310c260,李建平,男,13336131798,lei90@example.org,研究员,临床研究部,2024-08-17,否
cd63ce8c,刘瑞,男,14554585835,rkang@example.net,实验室技术员,质量保证部,2025-03-27,否
46d872e9,张萍,男,18639225517,gang92@example.com,质量控制专员,临床研究部,2024-11-16,否
b65054e3,曹霞,女,15376212360,zhuxia@example.com,数据分析师,数据科学部,2024-07-20,否
9386decb,黄帅,男,15338453156,fangyao@example.org,质量控制专员,研发部,2024-04-29,否
8b48ac23,唐雪,男,14590964598,ogao@example.com,数据分析师,研发部,2025-03-26,否
3717ba13,郑东,男,18517735166,dengjuan@example.org,数据分析师,质量保证部,2025-04-13,否
78d09b43,张琳,女,18707217340,lifu@example.net,实验室技术员,研发部,2024-06-27,否
e8a0b75d,卢桂英,男,13798306323,tlu@example.org,研究员,数据科学部,2024-05-30,否
1db78e0b,萧婷,男,15242484202,jun50@example.net,质量控制专员,研发部,2024-12-01,否
2ccd4dd5,赵俊,女,13786156409,guiying47@example.com,质量控制专员,质量保证部,2024-07-05,否
cbb98ded,颜丹丹,女,13554245190,nading@example.net,研究员,数据科学部,2025-03-22,否
1cf9790e,王杨,男,15765942992,yujing@example.org,项目经理,质量保证部,2024-10-18,否
a461a38e,周玉华,男,14522953386,xionglei@example.org,项目经理,数据科学部,2025-02-25,否
5578afdf,邓勇,女,15393424240,rshen@example.org,实验室技术员,质量保证部,2024-10-30,否
c2d623d2,陈坤,男,14748893343,gpeng@example.net,质量控制专员,数据科学部,2024-11-04,否
5d536ecf,章霞,女,18608654243,nayi@example.org,项目经理,质量保证部,2024-11-14,否
4ebb9671,王玲,女,14750952889,xiuying47@example.net,数据分析师,临床研究部,2025-03-08,否
e072158f,梁玉华,男,15253591765,leiqiang@example.org,数据分析师,质量保证部,2025-02-13,否
6d79b27b,王慧,男,15128873449,yzhao@example.net,项目经理,质量保证部,2025-04-13,否
06101b69,徐秀兰,女,18706170690,leixiuying@example.com,研究员,质量保证部,2025-03-24,否
9202280f,王红霞,女,13384715675,ushi@example.com,实验室技术员,质量保证部,2024-04-26,否
2d2b0ecd,李璐,男,18201674492,lizhou@example.org,数据分析师,数据科学部,2025-04-15,否
4c383d6f,邓淑兰,女,13285045056,kzou@example.org,数据分析师,数据科学部,2024-10-20,否
413027fd,王燕,男,18128617892,qiang14@example.org,质量控制专员,临床研究部,2025-03-01,否
886ba318,王秀英,男,13157626481,hkong@example.net,实验室技术员,质量保证部,2024-08-09,否
199db7a9,廖桂荣,女,18080635853,dongchao@example.org,质量控制专员,临床研究部,2025-03-03,否
c0987949,徐淑珍,女,14551930485,yantian@example.com,项目经理,质量保证部,2024-09-01,否
1abdb433,廖辉,男,18136562036,leiliu@example.net,研究员,数据科学部,2024-08-06,否
04d122a1,赵淑珍,男,18633181233,qiang61@example.com,项目经理,临床研究部,2025-01-12,否
f7fb4abc,徐建平,女,15317445776,yongren@example.org,质量控制专员,数据科学部,2024-09-15,否
77a9f656,徐玉梅,女,18508989774,npeng@example.com,质量控制专员,数据科学部,2025-01-01,否
c6714732,蓝桂花,女,18552953774,kangtao@example.com,质量控制专员,数据科学部,2024-10-13,否
fd3d719d,陈燕,女,18020767514,mmeng@example.com,项目经理,数据科学部,2024-05-28,否
32712927,谭利,女,15530990009,fang65@example.com,数据分析师,临床研究部,2024-09-03,否
5ff249e5,刘桂兰,男,18645385653,jing32@example.com,实验室技术员,数据科学部,2024-09-30,否
47d76647,曹洋,男,18004709110,lixue@example.net,质量控制专员,临床研究部,2024-09-05,否
f762996d,李桂花,男,13296511815,qiangliang@example.com,实验室技术员,质量保证部,2024-09-29,否
366e4e14,姚桂香,女,18761868704,axue@example.com,质量控制专员,数据科学部,2024-12-27,否
26f0d35b,高峰,男,18590525659,chao89@example.org,实验室技术员,数据科学部,2024-08-05,否
13045a43,魏敏,男,13429276405,tao39@example.net,数据分析师,临床研究部,2024-09-27,否
2cec74e9,王华,女,15813186604,clong@example.org,研究员,临床研究部,2024-07-13,否
cd1dcb87,刘桂花,女,15724744203,xiuying44@example.org,研究员,研发部,2024-05-02,否
32cbd6d4,俞芳,女,13387351866,tao74@example.org,实验室技术员,质量保证部,2024-07-09,否
0a2a8385,甘宇,男,13030258534,ilu@example.org,研究员,数据科学部,2024-08-31,否
c2b67c28,曾欢,女,18889559909,yan12@example.net,项目经理,质量保证部,2025-04-19,否
c4086212,黄龙,女,15975923831,lixia@example.net,实验室技术员,研发部,2024-05-29,否
4bd568fd,卢岩,女,13114634292,jing19@example.com,项目经理,研发部,2024-11-22,否
0a0f828c,佘鹏,男,15391218527,lidu@example.org,项目经理,质量保证部,2024-08-12,否
4cf09c07,李艳,男,13655530153,houfang@example.com,质量控制专员,研发部,2024-08-12,否
ab369698,徐健,男,15610965984,min76@example.net,实验室技术员,数据科学部,2025-02-27,否
15447bc0,刘秀珍,男,15741829912,mye@example.com,实验室技术员,研发部,2024-08-28,否
f7c41642,赵凯,女,18991061669,caofang@example.net,质量控制专员,临床研究部,2025-01-16,否
53e62aa6,张娟,女,13816826822,yutao@example.com,项目经理,质量保证部,2025-03-31,否
54a62289,张春梅,女,15399620834,zxu@example.net,质量控制专员,质量保证部,2024-05-27,否
a2dca777,王娜,女,13857228703,jiechang@example.org,质量控制专员,研发部,2025-04-12,否
b6d3eb98,关玲,男,13159724387,gongxiuying@example.com,实验室技术员,临床研究部,2024-05-28,否
94b4b50d,张平,女,15780286060,xia02@example.org,研究员,临床研究部,2024-07-30,否
296d331b,贾梅,男,18174769509,laigang@example.net,实验室技术员,研发部,2024-10-26,否
8a7abb01,周秀兰,男,14701655623,gwu@example.net,研究员,质量保证部,2024-10-05,否
0d9f4b9b,杨静,女,13636062290,duanjuan@example.net,质量控制专员,质量保证部,2024-09-12,否
d2424ae1,朱丹,女,15671990380,minfeng@example.net,研究员,临床研究部,2025-01-18,否
dd5bf065,姚兵,女,18594419147,panjun@example.com,数据分析师,质量保证部,2024-10-04,否
79ab744e,宋俊,男,18667309532,awan@example.net,实验室技术员,数据科学部,2024-07-28,否
25450c4e,白秀梅,男,15356292582,weihan@example.net,项目经理,研发部,2024-11-08,否
128d6937,廖龙,男,13032353068,ping84@example.net,实验室技术员,数据科学部,2025-04-05,否
83a1471b,朱桂荣,男,15578096458,taoli@example.net,研究员,研发部,2024-08-06,否
1c282db4,雷淑华,男,15721353175,yong59@example.net,数据分析师,数据科学部,2024-06-23,否
e7ddc802,陈桂芳,女,15111486267,guiying19@example.net,研究员,质量保证部,2024-10-23,否
10c73b73,杨玲,女,14565515641,hsong@example.net,项目经理,数据科学部,2024-09-29,否
939c3fa9,兰辉,女,13235820163,dongmin@example.net,项目经理,研发部,2024-10-16,否
10a8c970,张萍,男,13828483492,aqian@example.net,项目经理,数据科学部,2024-05-13,否
2d2ba717,周辉,女,13680403348,dingmin@example.org,研究员,研发部,2024-10-03,否
81adb1be,黄莹,男,15971554460,jun92@example.com,质量控制专员,研发部,2024-05-10,否
a8d0d152,朱玲,女,18962720536,xiuying91@example.org,质量控制专员,研发部,2024-12-01,否
8d845d1c,吕倩,男,18272850215,yang38@example.org,项目经理,质量保证部,2025-03-07,否
b3794b9a,孙玉珍,女,13121262643,na78@example.com,实验室技术员,质量保证部,2024-08-09,否
f365ff28,王军,女,15375199198,suntao@example.com,研究员,质量保证部,2024-09-08,否
a563b7b4,梁丹,女,15214925316,xiuying82@example.net,项目经理,数据科学部,2025-01-28,否
86189aad,郭雪,女,15697477656,xiulan07@example.org,研究员,临床研究部,2024-09-05,否
5e814c44,任燕,女,15534368771,ping92@example.org,项目经理,质量保证部,2025-01-16,否
a057917e,汪鹏,女,18863415359,htan@example.org,项目经理,研发部,2024-12-25,否
6d4f6729,李颖,女,15547734943,zhanglei@example.net,研究员,数据科学部,2024-11-08,否
a6dc6689,张云,女,18785641354,glong@example.com,数据分析师,研发部,2024-11-07,否
9d91f4f9,马玉梅,女,13832855580,tao94@example.com,质量控制专员,研发部,2024-09-05,否
e060da50,蔡秀云,女,13528413623,yangyu@example.com,项目经理,研发部,2024-10-05,否
89749a1e,王旭,男,15169714797,lifeng@example.net,质量控制专员,数据科学部,2024-08-31,否
883dbc33,梁刚,女,13037456017,houxiuying@example.com,项目经理,研发部,2024-06-01,否
3370e654,孙涛,男,15601706794,tianxia@example.com,数据分析师,临床研究部,2025-01-07,否
5f67b45b,欧阳玉梅,女,15716215938,zsong@example.net,项目经理,质量保证部,2024-07-26,否
2cd1133f,夏桂芝,男,15055896070,ifu@example.net,研究员,临床研究部,2024-11-09,否
1bce42e2,戴楠,男,15051390143,yaoqiang@example.com,数据分析师,研发部,2024-06-25,否
d0585d63,桑娜,女,18263579671,wei03@example.net,研究员,临床研究部,2025-01-31,否
e2e77176,田淑英,男,15635658260,minhe@example.net,项目经理,研发部,2024-09-24,否
7c457f25,孟燕,男,18512886691,fuyong@example.org,项目经理,数据科学部,2025-04-11,否
03c930ff,李志强,女,15726119789,minyi@example.com,项目经理,质量保证部,2024-09-17,否
2dae7402,徐燕,女,15546532554,gang18@example.org,实验室技术员,质量保证部,2025-02-11,否
4a6fabf5,李春梅,男,18973805203,zhouxiulan@example.org,项目经理,临床研究部,2024-10-05,否
3ca105d3,林帅,男,13147146220,leiyong@example.net,研究员,数据科学部,2024-07-24,否
9c5f9c5f,杨飞,女,18111272836,huchao@example.net,数据分析师,数据科学部,2024-10-19,否
89e6920a,祝丹丹,男,18970906761,qiangqian@example.org,数据分析师,数据科学部,2025-01-22,否
4b92bd2e,王婷婷,女,15571621720,xia88@example.com,实验室技术员,质量保证部,2024-11-17,否
d4a4344f,李冬梅,女,15393032645,nlai@example.com,数据分析师,数据科学部,2024-10-14,否
f7936667,宋凯,女,15905390649,xiongyan@example.com,项目经理,数据科学部,2024-12-18,否
a3aade42,陈雪,男,15319701815,houna@example.net,实验室技术员,质量保证部,2024-06-17,否
fb85b95c,孙磊,男,18742153193,xgao@example.com,项目经理,研发部,2025-04-09,否
f019b737,方成,女,13916908875,wei02@example.net,项目经理,质量保证部,2024-07-19,否
a4e2db49,高桂花,女,15343910657,mindong@example.com,实验室技术员,质量保证部,2024-08-18,否
9a0bcd22,吴红霞,男,14551021401,xiakong@example.org,实验室技术员,数据科学部,2024-05-27,否
5f49d6d4,黄秀华,男,13290359717,fdong@example.net,项目经理,研发部,2024-05-05,否
db06bc44,杨桂花,女,18709412460,gang64@example.net,研究员,临床研究部,2025-02-16,否
86984069,张秀芳,女,15984187677,adai@example.com,实验室技术员,研发部,2024-08-06,否
c804f543,杨淑英,女,15631730332,xiulan67@example.com,数据分析师,数据科学部,2025-03-25,否
996bd9bc,庞燕,女,18051048480,yan73@example.org,研究员,数据科学部,2024-11-10,否
1e3f573d,吴慧,女,18042707995,tao61@example.org,数据分析师,质量保证部,2024-06-04,否
b539560f,艾淑华,男,15947545657,weixiong@example.com,质量控制专员,研发部,2024-06-20,否
d35d8e0e,叶利,男,15285403909,yong68@example.com,数据分析师,临床研究部,2025-01-22,否
02a00670,贺春梅,男,18699261382,exiao@example.org,项目经理,研发部,2024-12-10,否
e3b6c6a1,牛淑英,男,18795703996,najiang@example.com,项目经理,临床研究部,2024-10-14,否
cee7e6ef,康玉,女,13610735128,lhao@example.net,研究员,研发部,2025-02-10,否
a5342836,高志强,女,15232333023,leiliang@example.com,研究员,数据科学部,2024-05-04,否
92ce5508,白涛,女,15369430695,juanmao@example.com,数据分析师,质量保证部,2024-11-08,否
c21e742d,杨成,男,14541285370,qianlei@example.com,实验室技术员,质量保证部,2024-11-06,否
1fa1c4af,陈荣,男,14553119804,mingmeng@example.com,实验室技术员,临床研究部,2025-03-23,否
a80f729a,杨玉,男,18242550786,zxiang@example.org,质量控制专员,质量保证部,2024-12-30,否
6c4ba4eb,刘建华,男,13913170195,nshao@example.net,项目经理,临床研究部,2025-02-03,否
8ed947e0,高桂香,男,13287287314,lixiong@example.com,项目经理,数据科学部,2025-02-11,否
a98e9591,梁龙,女,18896441603,jingxiang@example.net,数据分析师,研发部,2024-10-28,否
1f2b2132,王凤英,女,13602874512,gongyong@example.org,数据分析师,临床研究部,2025-01-18,否
b4a03365,李小红,男,15845416487,yongzhu@example.org,项目经理,数据科学部,2024-05-16,否
1dc55c81,赵建华,女,18075015269,rlai@example.org,项目经理,数据科学部,2025-02-22,否
6ad1e3fd,莫桂珍,女,13578548330,wei72@example.org,数据分析师,临床研究部,2025-01-03,否
f1ce2da0,赵磊,女,18201457923,natian@example.org,项目经理,研发部,2024-08-02,否
0700a8bc,胡帅,男,14570150196,eyao@example.net,项目经理,数据科学部,2024-06-13,否
35cfa778,黄建华,女,13518285233,xiulansu@example.org,数据分析师,研发部,2025-02-24,否
14b52736,谭慧,女,13029158551,shenjuan@example.net,数据分析师,研发部,2024-12-18,否
56b427ea,陈志强,男,13475741424,lkang@example.com,质量控制专员,质量保证部,2024-06-22,否
f17587b8,杨浩,女,13083124977,yangshi@example.net,实验室技术员,数据科学部,2025-02-08,否
f591687f,张秀兰,男,15234354978,mhan@example.com,实验室技术员,数据科学部,2024-09-05,否
8bd5aa27,杨秀云,男,14543802990,leixia@example.net,研究员,研发部,2024-05-02,否
5f20ee31,李桂香,女,13260009409,shaoyan@example.com,项目经理,研发部,2024-10-19,否
cd3d6349,赵玉兰,女,18126622549,fangjiang@example.com,实验室技术员,研发部,2025-02-06,否
01b8fbdd,王凯,女,18540152731,sunjing@example.org,数据分析师,质量保证部,2024-09-17,否
e179c1c7,刘玉英,男,18290018429,juanma@example.net,实验室技术员,临床研究部,2024-11-05,否
a303e236,徐秀珍,女,13929835966,ztao@example.org,质量控制专员,数据科学部,2025-04-20,否
5a0b4001,覃军,男,13322624736,chao03@example.org,数据分析师,质量保证部,2024-12-03,否
620d8e39,梁华,女,18247614427,vkong@example.net,数据分析师,研发部,2024-08-22,否
06849b66,潘鹏,女,18542316979,yandai@example.net,研究员,临床研究部,2024-10-01,否
ce68f34f,秦玲,男,13239343969,liangmin@example.org,项目经理,数据科学部,2025-01-21,否
d8d39498,夏红梅,男,13987835733,jiangjun@example.org,项目经理,研发部,2025-04-02,否
212db21c,陈艳,女,15530236412,litang@example.com,质量控制专员,研发部,2024-05-03,否
99697b90,张桂芳,女,13903350516,fujun@example.org,数据分析师,数据科学部,2024-08-23,否
be2e9a04,朱健,女,15855870940,jie24@example.com,数据分析师,研发部,2024-09-16,否
dc613e26,李晨,男,15851253807,yangang@example.org,项目经理,研发部,2025-02-20,否
dce93811,鲁倩,女,18534941971,yan75@example.com,质量控制专员,临床研究部,2024-10-24,否
5d1a120e,乔秀荣,男,18232824630,vfeng@example.com,项目经理,数据科学部,2024-06-14,否
626c7635,袁云,女,18163520076,lufang@example.com,研究员,临床研究部,2024-06-21,否
25d67dfb,邓海燕,男,13056977143,yanshen@example.org,研究员,数据科学部,2025-03-26,否
71ecd3bf,姜明,女,13701461039,taowei@example.net,研究员,研发部,2024-10-26,否
0a8eab97,何利,男,13546163881,ewei@example.net,质量控制专员,临床研究部,2024-11-08,否
fb547daa,李琴,女,18969050965,ixie@example.org,项目经理,数据科学部,2024-09-12,否
b44fa8aa,郭洋,女,18827208147,yanghou@example.com,质量控制专员,临床研究部,2024-07-12,否
db977fdc,陈丹丹,女,13030830697,guiying45@example.com,研究员,质量保证部,2024-12-04,否
070408a8,赵浩,女,15167490668,xsu@example.org,数据分析师,研发部,2025-03-09,否
b8867847,范帅,女,13664560595,thuang@example.org,实验室技术员,质量保证部,2025-03-30,否
8deee54c,胡丽丽,女,14792002585,wma@example.org,实验室技术员,数据科学部,2024-07-22,否
ec78a513,魏秀华,男,13330316787,yanjing@example.com,数据分析师,数据科学部,2024-06-04,否
696ae55d,高建军,男,13412402545,chao05@example.com,项目经理,数据科学部,2024-11-27,否
e2f93cdd,林明,男,15699839767,weiwei@example.com,研究员,质量保证部,2024-06-14,否
8c5b1b8d,李楠,男,13434383000,linjun@example.com,实验室技术员,研发部,2024-06-22,否
d65c92c2,冯芳,男,13474179965,ping62@example.net,数据分析师,临床研究部,2024-12-08,否
8eb4be07,黄淑珍,男,13925275600,jiekong@example.org,质量控制专员,临床研究部,2024-06-12,否
d2abb5b5,王春梅,男,18677125158,leiguiying@example.net,质量控制专员,临床研究部,2025-03-03,否
c4a3e58f,金璐,男,18105166608,hejuan@example.net,实验室技术员,数据科学部,2024-06-11,否
e5bc0b9b,陆桂芝,男,15590986361,jie76@example.net,质量控制专员,研发部,2024-08-22,否
d1a20f3f,陈建军,女,13422482488,uhou@example.org,实验室技术员,临床研究部,2024-07-24,否
c86d81f2,刘宇,女,15250311802,yzheng@example.net,实验室技术员,研发部,2024-11-26,否
7fdfd281,祝佳,男,14539606104,gdu@example.net,实验室技术员,研发部,2025-02-24,否
ed3b8372,雷阳,女,18656924768,lideng@example.org,实验室技术员,数据科学部,2024-07-15,否
73ad4db5,陈岩,男,14518118140,gang32@example.com,实验室技术员,数据科学部,2024-12-14,否
6a96a57b,向伟,男,15247085609,fang67@example.org,实验室技术员,质量保证部,2024-08-12,否
2a81a72f,郭波,男,13431456457,jiesun@example.com,研究员,质量保证部,2024-12-24,否
2229ee8c,唐鹏,女,18740337449,mbai@example.org,数据分析师,研发部,2024-07-25,否
abcdd5bd,程秀荣,女,18694126410,ocao@example.org,质量控制专员,临床研究部,2024-09-29,否
2530beee,黄鑫,男,18580576310,changxia@example.net,质量控制专员,数据科学部,2024-09-21,否
0e83dc3e,陈帆,女,13953606400,qiang48@example.com,研究员,研发部,2024-10-12,否
48546edc,温淑珍,女,14598948481,pcai@example.org,项目经理,质量保证部,2024-09-21,否
1f0f722c,王鹏,男,18977017737,xiulan49@example.org,项目经理,质量保证部,2025-02-16,否
9014c30d,徐旭,男,13717196004,hangang@example.com,研究员,数据科学部,2024-08-08,否
2576130c,管兰英,男,15796743338,yong96@example.net,研究员,临床研究部,2025-03-30,否
8cbee0cf,骆娜,女,13217033530,longxiuying@example.net,质量控制专员,数据科学部,2025-02-11,否
3ee9a270,吴秀云,女,15836197731,kjia@example.com,质量控制专员,数据科学部,2025-01-30,否
a4269e6b,陈金凤,女,18523858653,taozhang@example.com,质量控制专员,质量保证部,2024-11-14,否
d65315d4,刘浩,男,18934931796,bchen@example.org,研究员,临床研究部,2024-09-06,否
aac04b5b,马娜,女,15357921162,chao69@example.net,项目经理,临床研究部,2024-12-06,否
f9820f45,崔秀荣,女,15263989701,yong55@example.com,数据分析师,质量保证部,2024-04-27,否
97dc4c1f,唐静,女,15127186692,min29@example.net,项目经理,研发部,2024-05-16,否
5cd763d3,韩雷,女,15900011015,ading@example.org,项目经理,数据科学部,2025-03-01,否
f067c556,张秀兰,女,13349812130,zhengxia@example.net,数据分析师,临床研究部,2024-06-16,否
8fd2bbec,何莉,女,15669908672,yongjia@example.org,研究员,研发部,2024-05-18,否
c0f28599,何金凤,男,15673655619,jieding@example.net,研究员,质量保证部,2024-11-12,否
2dce5145,王楠,男,14518641761,chaogu@example.org,数据分析师,临床研究部,2024-09-24,否
7d837ee7,蒋淑兰,男,14536835991,btan@example.com,质量控制专员,数据科学部,2024-05-01,否
b40e20d9,张波,男,18593252826,lfan@example.com,项目经理,数据科学部,2025-03-17,否
8252d59f,孙秀兰,女,14599522529,qlai@example.com,研究员,数据科学部,2025-01-01,否
9eb69c9f,廖艳,女,13368681114,juncheng@example.com,数据分析师,研发部,2024-07-29,否
e0e424a5,杨瑜,男,18815559062,ewu@example.net,实验室技术员,质量保证部,2024-05-15,否
a57942d2,梁建国,男,13446372162,uqin@example.org,研究员,数据科学部,2024-07-14,否
d77b3d6c,杨梅,女,13680295599,xtan@example.org,研究员,数据科学部,2025-01-15,否
34214d48,许兰英,男,18895519247,yong11@example.org,项目经理,研发部,2024-10-18,否
abebd48d,盘淑英,女,13438625676,fanjing@example.com,研究员,临床研究部,2025-04-07,否
ff458a2a,姚瑞,女,14730080563,weiyan@example.org,数据分析师,数据科学部,2024-11-23,否
b5b88245,曹成,女,13073210788,ganghan@example.net,研究员,临床研究部,2024-10-04,否
b5350e25,鞠桂兰,男,13152207201,jcao@example.com,质量控制专员,质量保证部,2024-06-15,否
0001c089,刘波,男,18227963651,xiuyingluo@example.com,实验室技术员,研发部,2024-08-25,否
975c1807,王云,男,18110819484,jieshen@example.org,质量控制专员,临床研究部,2024-07-11,否
cc919433,王婷婷,女,13472235028,chaozou@example.org,项目经理,质量保证部,2024-12-27,否
86ffa928,温丹,女,14775391692,yaoguiying@example.com,实验室技术员,数据科学部,2025-01-10,否
b7f1967d,李琳,女,14568740330,ming44@example.org,数据分析师,研发部,2025-04-06,否
e24842bf,李秀荣,男,15197008445,duanmin@example.net,实验室技术员,临床研究部,2024-12-22,否
e58b9ac2,赵建,男,13262809241,mochao@example.com,研究员,数据科学部,2025-02-19,否
b0f41f14,冯丽娟,女,13731525523,jiezhang@example.net,项目经理,质量保证部,2025-04-03,否
863385e3,胡想,女,18774354047,vhao@example.net,项目经理,数据科学部,2025-03-10,否
521977e1,唐平,男,14511152558,dhe@example.com,质量控制专员,研发部,2025-01-08,否
d6709c9d,赵建平,女,13674890304,xia80@example.net,项目经理,研发部,2025-01-28,否
6a233caa,李雪梅,女,13642293554,xiuying20@example.com,质量控制专员,质量保证部,2025-01-20,否
6a6ff9ba,郑玉,女,15777991137,chaozou@example.com,研究员,临床研究部,2025-01-28,否
222e538f,赵建,女,18745116089,wei97@example.org,质量控制专员,研发部,2025-02-12,否
b5b6286f,康志强,男,13913368960,weijuan@example.com,实验室技术员,数据科学部,2024-10-10,否
687c8ef1,李璐,男,15598993074,vfan@example.org,实验室技术员,数据科学部,2025-01-24,否
81382e69,梁阳,女,18715603387,jie85@example.net,数据分析师,研发部,2024-12-17,否
2225b100,林旭,男,13143976309,yuanchao@example.com,项目经理,质量保证部,2024-07-21,否
fa886151,冯梅,男,13345744410,lqiu@example.org,实验室技术员,质量保证部,2025-01-23,否
29f60522,吴慧,男,15234759160,jun59@example.net,质量控制专员,数据科学部,2025-03-28,否
227f5174,包玉英,男,15590799658,qiang83@example.net,项目经理,研发部,2024-10-24,否
c89146c6,田斌,女,15978434073,songyang@example.net,研究员,质量保证部,2024-05-31,否
f9c72de0,孙冬梅,男,13735007883,kxue@example.org,数据分析师,质量保证部,2024-07-04,否
df4c1408,陈静,女,18136999528,yong02@example.org,项目经理,数据科学部,2024-05-27,否
529d3915,毕秀荣,男,15732735514,qgu@example.net,项目经理,研发部,2025-01-03,否
d065536e,李阳,女,15047714695,xuejun@example.net,实验室技术员,质量保证部,2024-09-03,否
a29e2775,杨欣,女,13520061741,pinglong@example.com,研究员,质量保证部,2025-04-03,否
3871f439,郑桂香,男,13361218939,yujie@example.com,实验室技术员,质量保证部,2024-12-29,否
e71d3785,贺晶,女,13476122283,panna@example.com,质量控制专员,研发部,2024-08-07,否
74819e6e,刘强,女,18945555950,pingjia@example.net,数据分析师,数据科学部,2024-08-25,否
aba603cc,胡桂芝,男,14589433276,xiulanyang@example.org,数据分析师,临床研究部,2024-07-31,否
534c6554,王东,男,18536962690,yonghe@example.org,质量控制专员,研发部,2024-05-18,否
81a8fef1,黄雪,男,15606179067,dengmin@example.net,数据分析师,数据科学部,2024-06-04,否
76bd8708,王利,男,15149076972,qianjing@example.net,实验室技术员,研发部,2024-05-23,否
f2773146,叶敏,男,13219296921,maojun@example.org,数据分析师,临床研究部,2024-10-18,否
05a2913b,张丽娟,男,13508228377,jing70@example.com,质量控制专员,临床研究部,2024-08-08,否
dd0731c0,朱玉,男,13328206322,dongjing@example.com,实验室技术员,质量保证部,2025-04-18,否
2bf7fadd,聂秀兰,女,18265895247,kcai@example.com,质量控制专员,质量保证部,2025-02-19,否
c680f24b,萧燕,女,18724525737,qzhou@example.com,数据分析师,临床研究部,2024-10-24,否
6a8af502,王伟,女,13394657770,jdu@example.net,研究员,质量保证部,2024-10-31,否
4d8fec10,艾建军,女,13142680928,nazhong@example.net,数据分析师,数据科学部,2024-05-22,否
161c7bcd,刘丽丽,男,13405371860,na68@example.net,数据分析师,研发部,2024-04-29,否
dac84a72,李莹,女,15947951279,guiyinghao@example.com,项目经理,质量保证部,2024-06-13,否
593a9d36,刘柳,男,15641601991,xia08@example.com,研究员,数据科学部,2024-04-27,否
fb3b43cc,马莹,女,18815207710,dliao@example.com,研究员,研发部,2024-07-17,否
9e324b9d,巫柳,女,18679672461,luogang@example.org,项目经理,研发部,2024-05-08,否
768370be,王桂香,女,13517850205,guming@example.net,质量控制专员,临床研究部,2024-08-09,否
60a783bb,张娜,女,18592010297,xiuying97@example.com,质量控制专员,质量保证部,2024-12-19,否
e2c5d08f,彭玉华,男,15797442526,yong20@example.com,研究员,质量保证部,2024-05-26,否
c719c97b,李楠,男,18740513379,qiangshen@example.com,数据分析师,研发部,2025-01-22,否
bdf8d2f0,吴林,男,18660855717,xiuying05@example.net,研究员,临床研究部,2024-08-13,否
6905de05,林浩,女,15149908035,shan@example.net,项目经理,临床研究部,2024-05-12,否
1eba3010,徐燕,女,15709998632,ming35@example.org,数据分析师,数据科学部,2025-04-17,否
b18cbb3a,李林,女,13608518466,xiuying32@example.org,项目经理,数据科学部,2024-07-23,否
442ee9a7,李利,男,13573480022,jlei@example.com,数据分析师,研发部,2024-12-07,否
0df0d56d,田亮,女,13455482987,yejie@example.org,研究员,质量保证部,2025-03-04,否
4577349a,马霞,女,14584746042,qiangfan@example.com,数据分析师,临床研究部,2025-01-14,否
36890cbb,叶博,女,13646172758,liming@example.org,研究员,临床研究部,2024-12-09,否
8da22bdb,周琳,女,14588979887,sma@example.com,数据分析师,质量保证部,2024-08-24,否
1c0b8275,牛英,男,13634019293,sbai@example.com,质量控制专员,研发部,2025-04-13,否
77609fe4,张淑英,女,15719346389,fangjie@example.com,质量控制专员,质量保证部,2025-02-27,否
8b041ddc,韦荣,女,14536561156,tgao@example.org,实验室技术员,研发部,2025-01-07,否
66ed36b2,莫飞,女,13370659480,jun16@example.org,质量控制专员,数据科学部,2024-06-13,否
8571f418,徐梅,男,15030372718,pyu@example.org,数据分析师,数据科学部,2024-08-08,否
85875f4f,汤琴,男,18231121380,lxiang@example.net,实验室技术员,数据科学部,2025-03-22,否
847a7b82,翟丽娟,女,13654598586,wjin@example.com,实验室技术员,临床研究部,2024-08-23,否
9755f2c9,李涛,男,13988252128,lshi@example.org,实验室技术员,研发部,2025-03-25,否
5e129af4,黎桂英,女,15999842882,qiang05@example.org,研究员,研发部,2024-05-12,否
5b10d40a,董志强,女,15398871232,huangping@example.com,质量控制专员,临床研究部,2024-11-03,否
90b756bc,李玉,女,18978626852,hgong@example.com,实验室技术员,临床研究部,2025-01-21,否
e7655042,沈建国,男,13487783471,renjing@example.net,质量控制专员,临床研究部,2024-11-08,否
b99d6b2b,刘红梅,女,15357356232,pwan@example.net,研究员,质量保证部,2025-01-31,否
c1ef0ba3,刘楠,女,15785973027,yangzhao@example.org,实验室技术员,质量保证部,2024-06-27,否
e22fb02d,白秀芳,女,18904240255,li68@example.net,项目经理,临床研究部,2025-01-16,否
176b7bc7,鞠欣,男,18170411678,panxiulan@example.com,数据分析师,质量保证部,2024-12-15,否
25688ae0,赵桂芳,男,15086569044,yong67@example.net,数据分析师,质量保证部,2024-07-18,否
84b3e09d,吕斌,女,18524895587,achang@example.net,数据分析师,质量保证部,2025-03-02,否
4d2856cf,刘燕,女,15799426407,ochang@example.net,实验室技术员,临床研究部,2024-11-29,否
d5ee3a17,王阳,男,18503398013,wdu@example.com,数据分析师,研发部,2024-06-17,否
116a9732,刘玉华,女,13190581080,panjuan@example.org,数据分析师,研发部,2024-10-10,否
b8544458,杨桂芳,男,13427728715,mpan@example.com,数据分析师,研发部,2024-12-23,否
384da3b2,孙英,男,15875959955,maomin@example.net,数据分析师,质量保证部,2024-07-22,否
3d227dd6,李凯,男,18714854183,jing52@example.net,项目经理,研发部,2025-03-04,否
c768b2d4,李飞,男,18788216511,gangliu@example.com,项目经理,数据科学部,2024-10-22,否
8e0873f3,杨飞,男,13330276947,chaowei@example.net,项目经理,研发部,2025-02-03,否
142092b6,陈华,女,14753212440,xiulanhu@example.com,质量控制专员,数据科学部,2024-07-20,否
ac465f80,梁俊,男,13918052579,xiulan90@example.net,项目经理,研发部,2024-05-05,否
320a788b,邓娟,女,13623254601,fangjuan@example.com,实验室技术员,研发部,2025-01-22,否
9cd55a2f,刘桂花,女,18557133996,qiangshen@example.net,研究员,数据科学部,2024-09-25,否
52b0840c,胡桂兰,男,15321120291,weidong@example.org,实验室技术员,研发部,2024-05-10,否
178efea7,宋秀珍,女,13102989088,xuena@example.net,项目经理,临床研究部,2024-09-23,否
7fbd532b,张林,女,15391990821,juanluo@example.com,项目经理,研发部,2025-04-13,否
6071c4ba,李建国,男,15066704171,zengjuan@example.net,研究员,数据科学部,2024-11-12,否
98878ea5,冯璐,男,13374050133,chaokong@example.com,实验室技术员,质量保证部,2025-04-09,否
c8aebfe4,宋雪梅,男,13471487650,wsun@example.net,数据分析师,临床研究部,2024-06-21,否
cb3de9cb,张宇,女,15363160378,duyang@example.net,研究员,研发部,2025-01-23,否
511ea6af,陈丽丽,男,18003996306,btan@example.org,项目经理,质量保证部,2024-08-30,否
d2a618ca,赵桂珍,男,15993233700,vfan@example.net,研究员,质量保证部,2024-08-20,否
4dedadb8,戴金凤,男,18014086332,lijia@example.org,质量控制专员,临床研究部,2025-02-12,否
aacdabd3,杨小红,男,15248883923,mma@example.net,数据分析师,质量保证部,2024-04-27,否
089a7f61,张晶,男,18982585455,jiaxiuying@example.org,质量控制专员,数据科学部,2025-03-19,否
236088cb,戴楠,男,18948236788,xiazou@example.com,质量控制专员,质量保证部,2024-07-06,否
55e5e877,李秀英,男,13100436475,ping64@example.net,研究员,数据科学部,2024-09-30,否
0c96c7d7,靳玲,男,13763712063,sunmin@example.com,质量控制专员,研发部,2025-03-17,否
a56422bf,朱明,女,13745840811,lei15@example.com,项目经理,研发部,2024-06-30,否
d3bece5d,程楠,女,18561168611,na03@example.com,数据分析师,数据科学部,2024-05-23,否
84a2da73,赵军,男,13355546542,pwang@example.com,数据分析师,研发部,2024-10-28,否
31a1a90b,阮敏,女,18871403445,min95@example.net,实验室技术员,研发部,2024-09-23,否
d7828d62,王敏,女,13411962272,weiqian@example.net,实验室技术员,研发部,2024-10-15,否
78fd2429,蒋帅,女,15573683850,yong70@example.net,质量控制专员,数据科学部,2024-07-05,否
620ea241,戴凯,男,18250811364,kanglei@example.net,项目经理,质量保证部,2024-12-11,否
a3219529,张淑华,男,15370062795,yan14@example.org,实验室技术员,研发部,2024-11-29,否
7f943fab,刘冬梅,女,18295421756,taomao@example.org,研究员,数据科学部,2024-10-26,否
941a8f62,李波,男,15573447945,junlu@example.net,研究员,临床研究部,2024-06-08,否
aca7ed40,吕娜,男,15326489710,duqiang@example.org,数据分析师,数据科学部,2024-10-13,否
2a6b895d,李红,女,15557613049,xia41@example.net,质量控制专员,质量保证部,2025-03-29,否
3db731f2,张丽,女,15752833728,zmo@example.net,研究员,临床研究部,2024-10-23,否
6bdd4549,潘辉,女,18926564771,maowei@example.net,数据分析师,研发部,2024-06-12,否
6703dd2c,史丹丹,女,13589410791,shaoguiying@example.org,数据分析师,研发部,2024-08-14,否
e3f5181f,刘春梅,女,18511983097,li24@example.com,项目经理,质量保证部,2024-07-12,否
619d67f8,闵彬,女,15077487700,jxie@example.org,项目经理,数据科学部,2024-12-13,否
6bcf810f,刘颖,男,18912180822,ktao@example.net,项目经理,质量保证部,2024-05-18,否
ee5a9dce,田秀梅,女,18602865383,qiang16@example.com,质量控制专员,数据科学部,2024-09-20,否
2190ffee,寇伟,男,15303709070,taowen@example.org,项目经理,研发部,2024-11-05,否
4b33fd0e,甘淑兰,女,14593207098,leiwang@example.com,质量控制专员,临床研究部,2024-11-29,否
17b3f29f,朱莉,女,13176296507,yong45@example.com,数据分析师,研发部,2024-08-19,否
d7242c57,周桂珍,男,15841982817,tao79@example.com,数据分析师,数据科学部,2024-04-27,否
576f61f8,张颖,女,14522026269,fangjia@example.org,项目经理,质量保证部,2025-03-01,否
3129c91c,田霞,男,15825733090,xlei@example.org,项目经理,数据科学部,2025-01-19,否
365632da,杨雪梅,女,13052247675,fumin@example.net,研究员,数据科学部,2024-11-16,否
ced17df4,廖杰,女,13553669332,oshi@example.org,数据分析师,研发部,2025-04-24,否
f8b1f0e9,张琴,男,18562837237,jingmao@example.net,项目经理,数据科学部,2024-07-11,否
6f5c0ec5,刘娜,男,18570089423,fang37@example.org,研究员,临床研究部,2024-08-01,否
c1f9b074,刘岩,女,15618838456,fuming@example.net,研究员,临床研究部,2024-10-21,否
b950bfda,陈建平,男,18719851769,bxiang@example.net,实验室技术员,数据科学部,2024-12-11,否
72b380c8,黄兰英,女,15242157837,pinglin@example.org,项目经理,研发部,2024-08-22,否
7280bb4f,曹欣,男,14796885934,weixie@example.org,项目经理,数据科学部,2024-12-14,否
9b60d1cd,刘淑英,女,14597833150,jingduan@example.net,项目经理,研发部,2024-10-29,否
aea07e14,党畅,男,14510250666,qyu@example.org,质量控制专员,数据科学部,2024-09-20,否
810e318c,刘梅,女,18867149986,jiexie@example.net,数据分析师,数据科学部,2024-09-04,否
579022bb,齐伟,男,15085242762,guiyingluo@example.com,研究员,研发部,2024-11-19,否
43716f25,刘玉,男,15239639949,xiuying40@example.org,项目经理,质量保证部,2024-11-15,否
aa2de3e1,杨玉兰,男,18256531708,cjia@example.org,数据分析师,数据科学部,2024-06-19,否
d45de430,王峰,女,18673663256,uhuang@example.net,实验室技术员,数据科学部,2025-02-22,否
b5215050,鲍文,女,15287493916,zbai@example.org,实验室技术员,研发部,2024-11-24,否
bee00c07,许莉,男,13186607326,li78@example.net,研究员,质量保证部,2024-12-11,否
995d1136,田兰英,男,14554176090,taoduan@example.com,项目经理,研发部,2024-08-11,否
cd4364c3,彭宁,女,13445734669,lei73@example.net,数据分析师,研发部,2025-04-12,否
a5093b44,高华,女,18652890566,gang83@example.com,数据分析师,临床研究部,2024-11-10,否
f17b2005,傅玉,男,13698883743,ming09@example.com,数据分析师,临床研究部,2024-10-28,否
f86bc58d,胡桂珍,男,13950230899,zliang@example.net,实验室技术员,临床研究部,2025-04-09,否
adb0ff13,刘建平,男,15235486952,heguiying@example.net,项目经理,研发部,2024-09-03,否
ec63afc3,薛璐,女,18710880354,syi@example.com,质量控制专员,数据科学部,2024-09-29,否
475b21ed,宋飞,女,14776474769,zhanggang@example.com,质量控制专员,临床研究部,2024-05-25,否
904912be,李雪,男,13539655868,yuxiulan@example.net,研究员,数据科学部,2024-05-12,否
d66d20e3,李建平,女,14735286601,weilu@example.com,项目经理,质量保证部,2025-01-25,否
54c31649,张雪,女,13373801012,ming71@example.net,质量控制专员,研发部,2024-05-29,否
c7df608c,罗海燕,男,18619499913,yyin@example.net,数据分析师,研发部,2024-09-09,否
efa2057e,杨帆,女,15693968718,fzhang@example.org,项目经理,数据科学部,2024-10-19,否
a364aa04,彭峰,男,14532850719,jdong@example.net,质量控制专员,临床研究部,2024-07-15,否
c2d68c1d,李想,男,15195220940,jiatao@example.net,项目经理,研发部,2024-05-22,否
6ce045fb,胡倩,男,15927480661,zhoujing@example.com,质量控制专员,临床研究部,2025-02-08,否
dff2ade1,沈娜,女,18906951657,hanguiying@example.org,实验室技术员,临床研究部,2024-11-14,否
ae5a5863,雷鑫,女,13111239933,hemin@example.com,实验室技术员,数据科学部,2024-11-25,否
f17ba359,谢亮,女,13562314596,caoxiulan@example.net,研究员,数据科学部,2024-09-14,否
9ad5117e,梁秀云,男,18080450521,gongfang@example.org,质量控制专员,数据科学部,2025-02-10,否
7b57c4c5,郭秀云,男,13341804460,zhouxiuying@example.com,数据分析师,研发部,2025-03-23,否
0937ef7d,王静,男,15169544950,lcai@example.net,质量控制专员,临床研究部,2025-02-17,否
adcd21aa,段桂花,男,13562745669,yongyi@example.net,质量控制专员,数据科学部,2024-11-11,否
bea027fd,梁刚,男,18842941429,linxiuying@example.com,研究员,研发部,2024-10-09,否
73f1ab76,詹东,男,15738476691,juan01@example.com,质量控制专员,数据科学部,2025-04-04,否
6960c44e,胡莹,男,13774685902,mfu@example.com,质量控制专员,质量保证部,2025-04-11,否
3245c1c9,李冬梅,男,15928660349,leiqiu@example.net,项目经理,数据科学部,2024-11-29,否
474c9699,朱平,女,13765627740,gangpan@example.com,项目经理,临床研究部,2025-04-09,否
ad576b1f,李峰,女,15724235256,baiwei@example.com,数据分析师,质量保证部,2025-01-23,否
332d6fba,许鑫,男,18721505205,minhu@example.org,研究员,临床研究部,2024-07-03,否
2892273b,林柳,女,18960599342,jiefu@example.net,项目经理,质量保证部,2025-01-13,否
c0765660,王凯,女,18129443141,chao87@example.net,实验室技术员,数据科学部,2024-07-16,否
74ead692,余丹丹,男,18179824021,shenwei@example.org,数据分析师,数据科学部,2024-07-18,否
f6be7f8d,朱浩,女,13010096242,dmeng@example.net,项目经理,临床研究部,2025-02-02,否
52bb2690,孟颖,女,15887745263,wei88@example.org,质量控制专员,研发部,2024-07-06,否
f65d1216,薛建国,女,15744225351,tanwei@example.net,实验室技术员,质量保证部,2024-11-15,否
12878aa0,罗玉英,男,13534553882,aguo@example.com,数据分析师,质量保证部,2024-10-04,否
d937fd68,周淑珍,男,18508288745,udong@example.net,实验室技术员,研发部,2024-06-12,否
cc437460,陈斌,男,15636859315,nafu@example.org,数据分析师,质量保证部,2024-12-22,否
08f59852,朱英,女,18514430106,liangli@example.com,实验室技术员,临床研究部,2024-06-17,否
9d7de78a,季琴,女,18574433199,zduan@example.org,质量控制专员,数据科学部,2025-01-01,否
d78ddfba,刘丽,男,18149729697,duchao@example.org,实验室技术员,质量保证部,2025-01-24,否
0b9ae1c9,刘莉,女,14597585861,tangwei@example.com,项目经理,数据科学部,2024-05-15,否
69b852d0,李建军,女,18894376382,lliao@example.org,研究员,研发部,2025-04-09,否
96ed3ea1,张瑞,女,13923954807,linqiang@example.org,质量控制专员,质量保证部,2025-01-01,否
914dea33,姚红霞,男,13368747774,sunchao@example.org,实验室技术员,数据科学部,2024-09-20,否
080fe9c2,严琴,男,15900762282,heyong@example.net,研究员,数据科学部,2024-11-09,否
49ca4537,谢楠,女,18086827847,pinglei@example.net,质量控制专员,质量保证部,2025-02-09,否
bc6b4665,张磊,女,18945969206,zzhang@example.org,质量控制专员,研发部,2025-03-16,否
cb3922d1,仝帆,男,13934435849,fangwei@example.net,项目经理,临床研究部,2024-08-17,否
b6f60815,黄建军,女,15121063781,bzou@example.com,数据分析师,质量保证部,2024-11-16,否
d3998cc0,夏娟,女,15581165955,xiulan42@example.org,研究员,质量保证部,2024-12-09,否
c881a730,梁岩,男,18913636597,taoqiu@example.com,质量控制专员,临床研究部,2024-09-29,否
aba3157f,马云,女,13235861341,mlai@example.org,质量控制专员,数据科学部,2024-11-26,否
42695d30,金杰,男,13184267233,zhengtao@example.com,项目经理,质量保证部,2024-06-07,否
2bfd10a0,王宇,女,13639154804,jing36@example.com,质量控制专员,研发部,2024-10-25,否
2a774b54,廖秀兰,男,13290108616,qiang90@example.com,研究员,质量保证部,2025-02-27,否
aeb9933c,杨秀华,女,15080679967,nasu@example.org,数据分析师,数据科学部,2025-04-18,否
349088ba,李博,男,14537264320,wei69@example.net,实验室技术员,质量保证部,2024-10-03,否
d3281983,庞畅,男,14571557932,atan@example.org,研究员,研发部,2024-06-07,否
92192a37,陈帆,男,15377326096,ping88@example.net,数据分析师,质量保证部,2024-11-08,否
28fd1f68,谭超,女,18985973586,syan@example.org,实验室技术员,临床研究部,2025-04-08,否
62008a3a,初秀梅,女,15147026327,qwan@example.com,质量控制专员,数据科学部,2025-03-15,否
421842c4,唐燕,男,18658766949,qiang15@example.com,项目经理,数据科学部,2025-02-28,否
0875ceeb,陈玉,女,18945024053,kwan@example.net,质量控制专员,质量保证部,2024-12-18,否
869426ee,余桂珍,女,15739450375,xia07@example.net,项目经理,研发部,2024-04-28,否
71c98e59,何岩,女,18685693291,pingyang@example.com,数据分析师,研发部,2024-08-14,否
bad43252,苏丹,女,13307373041,chao63@example.org,质量控制专员,数据科学部,2025-02-16,否
fa2d4cf5,龙玉梅,男,13702658387,mhuang@example.com,质量控制专员,质量保证部,2025-03-30,否
e1067ef0,陈琳,女,15166033273,hlei@example.com,质量控制专员,临床研究部,2024-11-29,否
f88bac64,程红,男,15310102760,hxia@example.net,质量控制专员,质量保证部,2025-03-11,否
48d270b5,李梅,男,13049779738,juncao@example.com,质量控制专员,质量保证部,2024-05-27,否
bb4e7a4e,张凤英,男,18754789350,yong26@example.org,实验室技术员,研发部,2024-07-02,否
0f3eb462,王秀云,男,18087567071,guoxiuying@example.org,实验室技术员,研发部,2024-07-22,否
7b6cc4a6,尚红霞,女,13212377459,yong13@example.org,数据分析师,质量保证部,2024-10-25,否
f2c95ed7,王璐,男,14507910651,shenlei@example.org,项目经理,临床研究部,2024-10-24,否
4d30df2c,郭莉,女,18784830348,qiang36@example.com,质量控制专员,质量保证部,2024-12-23,否
f8b21711,莫燕,男,14527280903,suxia@example.net,实验室技术员,临床研究部,2024-07-24,否
4f9bd41c,邹霞,女,15016785984,lei08@example.net,项目经理,质量保证部,2024-12-23,否
59d04268,鲜红霞,女,13432075605,pingyi@example.net,实验室技术员,质量保证部,2025-02-05,否
cc39342f,钟晨,女,14702999663,chaoyang@example.org,质量控制专员,数据科学部,2025-03-25,否
f2522809,郝莹,女,15840307991,lei02@example.net,质量控制专员,质量保证部,2024-10-12,否
0eaff0a4,王峰,男,18095318500,jie31@example.net,实验室技术员,数据科学部,2025-04-07,否
14f22639,苏海燕,女,18982048109,fangmeng@example.com,实验室技术员,数据科学部,2024-11-06,否
b8648b47,刘兰英,女,18779739824,yang53@example.net,实验室技术员,质量保证部,2025-02-23,否
9a5ccec2,钱晨,女,18823826429,guiying85@example.org,项目经理,数据科学部,2025-03-10,否
d3c60a88,萧婷婷,女,14588155903,weiguiying@example.net,数据分析师,研发部,2024-09-27,否
4b2f32e0,顾燕,女,18687615048,xiulan15@example.net,项目经理,数据科学部,2024-05-07,否
25fcedb9,蔡玉兰,男,18240350769,ming59@example.net,数据分析师,研发部,2025-02-12,否
4a2760fb,黄颖,女,13081082277,li77@example.net,研究员,数据科学部,2024-10-24,否
f1252f83,陈博,女,15841238724,taoyang@example.com,数据分析师,质量保证部,2024-12-07,否
0fdab749,胡红,男,18055948496,ulei@example.org,实验室技术员,数据科学部,2024-10-02,否
5d4592aa,张慧,女,13367125593,chao27@example.com,实验室技术员,研发部,2024-10-06,否
832b2ff6,吴佳,男,13322727653,liaoming@example.org,实验室技术员,研发部,2025-01-04,否
f4fa89ad,陈瑜,男,18900545583,ming59@example.com,实验室技术员,研发部,2025-03-16,否
5cf35ec9,符彬,男,13768335766,xiexiuying@example.com,项目经理,数据科学部,2025-01-28,否
482cd162,仝俊,女,13486043171,min78@example.com,研究员,临床研究部,2025-01-31,否
8806ca76,韩淑英,男,13233686093,zhaoyong@example.com,质量控制专员,临床研究部,2024-05-09,否
47f7eafb,萧杰,女,13605583911,pengjuan@example.org,项目经理,质量保证部,2024-05-11,否
16a07069,陈超,男,14533396379,hechao@example.net,数据分析师,数据科学部,2024-12-26,否
6d9b23af,高秀芳,女,13021889384,qiang81@example.com,研究员,研发部,2025-02-02,否
fa30deea,赵桂英,男,18120834812,jing66@example.com,质量控制专员,研发部,2024-10-18,否
ae986417,任秀梅,男,15240478327,pren@example.com,项目经理,临床研究部,2024-11-29,否
d857186d,郭淑华,男,18744992468,fzhang@example.com,项目经理,质量保证部,2025-04-02,否
d80286ba,吴红霞,男,13399531556,plong@example.org,数据分析师,研发部,2024-07-06,否
e89e11e4,王建军,男,15569089649,aqiao@example.net,数据分析师,研发部,2025-04-25,否
96f45b2a,简佳,女,15682292324,fxie@example.org,数据分析师,质量保证部,2024-07-02,否
a5956088,刘利,女,15078406138,ttian@example.net,实验室技术员,质量保证部,2025-03-15,否
68d457f3,胡丽,女,13545596576,qiang86@example.net,实验室技术员,研发部,2024-12-29,否
d4112253,葛雪,女,13626764494,pingjiang@example.org,实验室技术员,质量保证部,2024-10-13,否
d8f874d5,赵霞,女,18253442004,gangzhong@example.net,实验室技术员,研发部,2024-09-30,否
1e815cb1,孙帅,女,18052035191,yong05@example.com,数据分析师,临床研究部,2024-09-09,否
4b570e12,刘玉珍,男,18185081432,yanxiong@example.net,质量控制专员,质量保证部,2025-03-09,否
17ed15f0,倪秀梅,女,18532790423,xiaduan@example.org,质量控制专员,数据科学部,2024-09-20,否
565a36da,傅小红,男,13505229184,qiang49@example.com,项目经理,研发部,2024-09-05,否
1bd43299,杨建华,男,18802599611,juan58@example.org,实验室技术员,质量保证部,2024-05-12,否
5177f3b9,曹荣,女,18651306109,jiefan@example.com,实验室技术员,研发部,2024-11-13,否
5a1771fa,陈杨,女,15371473204,gangye@example.org,项目经理,临床研究部,2024-10-05,否
6ce3693e,侯东,女,18266560233,adu@example.com,数据分析师,数据科学部,2024-08-28,否
4d6dc9e7,周峰,女,15175552672,zhengjun@example.com,质量控制专员,研发部,2024-12-12,否
f194f3a2,姜建,女,18751005687,shenxiulan@example.org,数据分析师,临床研究部,2024-08-20,否
6a9a76c6,金东,男,13681679323,juan93@example.net,研究员,质量保证部,2025-03-28,否
2921d4b8,曹洁,女,15184951657,songxiulan@example.com,实验室技术员,质量保证部,2024-07-03,否
5c1e8dc4,程娜,女,13524264685,guiying90@example.org,研究员,数据科学部,2025-01-14,否
ec26956c,王鑫,女,15748805109,juanliao@example.com,质量控制专员,临床研究部,2025-02-03,否
c69b9832,刘丽娟,男,14730575437,baixiulan@example.net,实验室技术员,质量保证部,2025-03-21,否
08edb3f2,赵燕,男,15077021704,hdai@example.org,项目经理,数据科学部,2024-08-28,否
4f6ebd3e,罗芳,女,18039717856,sunna@example.net,质量控制专员,质量保证部,2024-10-05,否
4bdbeeb4,黄帆,男,18839301055,qianxiuying@example.net,实验室技术员,研发部,2024-07-04,否
4febd0f8,朱楠,女,18164708944,qiaoming@example.net,质量控制专员,数据科学部,2025-01-13,否
0b35646c,童琴,男,15325935707,apeng@example.net,质量控制专员,研发部,2024-07-30,否
bc4a8b63,莫桂香,男,13156227192,wchang@example.org,质量控制专员,临床研究部,2025-04-19,否
be89b615,韦鑫,男,13786801093,lbai@example.net,实验室技术员,数据科学部,2024-05-20,否
97ec53e7,顾伟,女,15381700327,kzhao@example.net,研究员,临床研究部,2024-05-04,否
143cd515,孙小红,女,18070149726,guiyingfan@example.net,研究员,质量保证部,2024-08-26,否
e6471126,陈涛,男,18873595691,jiechen@example.com,项目经理,临床研究部,2025-03-08,否
d205c7a6,邬洁,女,15939748925,cuitao@example.com,项目经理,研发部,2024-06-03,否
232997ef,姜丽娟,女,15573581821,qwan@example.net,数据分析师,研发部,2024-10-07,否
9def1bc1,胡秀英,女,15899584383,na99@example.net,数据分析师,研发部,2024-10-14,否
88b8aa77,张峰,男,14501930646,guna@example.com,质量控制专员,研发部,2024-06-05,否
c7082df3,郑坤,男,14753031387,fangluo@example.net,项目经理,数据科学部,2024-09-16,否
88e953ce,林荣,男,15833552620,xiuyingzheng@example.com,质量控制专员,研发部,2025-02-03,否
0f4a8b84,刘璐,男,13712826993,ming17@example.org,项目经理,研发部,2024-11-20,否
90164c61,侯成,女,13231778650,xiulanzeng@example.com,项目经理,临床研究部,2025-01-01,否
9f58651b,黄华,男,15757779174,gangfu@example.net,项目经理,数据科学部,2024-08-14,否
02945b1b,彭文,女,15838115750,qiangguo@example.org,项目经理,质量保证部,2024-12-08,否
4a812762,卢坤,女,15995756294,juanxu@example.org,研究员,临床研究部,2024-09-21,否
69f84ad3,安桂芳,女,13488550694,xiulanyuan@example.com,研究员,临床研究部,2024-08-01,否
83467b59,王波,女,13442797493,lei92@example.org,质量控制专员,临床研究部,2025-03-29,否
6d8a51a7,李斌,男,13089699132,mingsu@example.com,研究员,研发部,2024-07-11,否
80461aa1,方宇,女,13715703475,pcui@example.org,项目经理,质量保证部,2025-03-10,否
1a8e27d8,陈瑞,女,15924554620,guiyingjin@example.com,实验室技术员,临床研究部,2025-01-10,否
1a624e38,韩兵,女,13839407173,jun46@example.com,数据分析师,临床研究部,2025-03-26,否
a11d5bc9,黎秀兰,女,18800603981,songxiulan@example.com,实验室技术员,研发部,2024-06-04,否
67e44bc5,杨宇,男,15112022417,na16@example.net,项目经理,研发部,2024-05-11,否
09047fda,周凯,男,13054133366,chao28@example.com,实验室技术员,研发部,2025-04-19,否
b8ace033,杨雪梅,男,18558179157,xiulandai@example.net,质量控制专员,研发部,2024-08-24,否
5de742c7,唐兵,女,13691142999,wei14@example.org,质量控制专员,研发部,2024-08-08,否
7c7103d9,张畅,男,18569939142,jluo@example.org,研究员,质量保证部,2025-03-23,否
624c6620,阎涛,女,13774020984,ping98@example.net,实验室技术员,临床研究部,2025-04-12,否
183d3f4f,赵梅,男,13118272913,qsun@example.com,实验室技术员,数据科学部,2025-04-08,否
30d1e926,关婷,男,15191532180,duanjuan@example.org,质量控制专员,数据科学部,2024-11-01,否
32eba719,刘兰英,女,15982342840,jielai@example.com,实验室技术员,数据科学部,2024-06-28,否
2b3fa6ef,马浩,男,15532025342,xiashen@example.com,质量控制专员,临床研究部,2025-02-12,否
f1db92ba,马涛,女,15229398766,dliu@example.net,数据分析师,数据科学部,2025-01-07,否
8b8a4302,朱亮,男,13607524003,yanchen@example.com,质量控制专员,临床研究部,2025-03-04,否
5fda35a8,蒋金凤,女,18924725426,li16@example.net,质量控制专员,质量保证部,2025-02-16,否
46ef5ffd,唐桂芝,男,18063985238,xiaojing@example.net,数据分析师,质量保证部,2024-11-23,否
f2cad0b3,萧志强,女,14578680704,yangjin@example.com,项目经理,质量保证部,2025-03-22,否
78bab267,金敏,男,13689959311,lzhong@example.net,数据分析师,质量保证部,2024-07-03,否
efeaeba9,蔡玉珍,男,15047050707,apeng@example.net,质量控制专员,质量保证部,2024-11-16,否
5083a30b,郑莹,男,14757686621,xiacai@example.com,实验室技术员,数据科学部,2025-03-25,否
2c53746d,王霞,男,13145422595,guiying33@example.net,项目经理,研发部,2024-05-08,否
32471940,邓倩,女,15219635110,twan@example.com,项目经理,临床研究部,2024-06-04,否
46508ae6,敖琳,女,15065905041,fkang@example.org,实验室技术员,数据科学部,2024-06-16,否
e8ab5ee8,李桂芝,男,15387032381,weidong@example.com,数据分析师,研发部,2024-05-19,否
dbe9d10c,黄秀珍,女,15675211275,wkong@example.com,数据分析师,研发部,2025-03-18,否
0ca49250,王秀珍,男,14533108862,fangshi@example.net,研究员,数据科学部,2025-01-31,否
3fc23633,袁杰,女,13438180364,yan10@example.org,质量控制专员,研发部,2024-06-12,否
41a53db8,陈娟,男,13481702846,shenyang@example.net,实验室技术员,临床研究部,2024-10-15,否
aa4484d6,彭想,女,13914999703,chaoliang@example.org,实验室技术员,数据科学部,2024-12-17,否
0018e6e7,刘文,女,15242106510,linna@example.org,研究员,临床研究部,2024-05-20,否
330e821f,李佳,男,15055579420,rgong@example.net,研究员,质量保证部,2024-06-11,否
b5ea4905,唐兰英,男,18272176189,dxiao@example.com,质量控制专员,临床研究部,2024-09-28,否
7b2dc310,柳鑫,女,14787712398,xiaxiulan@example.org,实验室技术员,数据科学部,2024-12-06,否
b3883eee,王璐,女,18830451945,wei68@example.org,项目经理,质量保证部,2024-12-18,否
e7260af3,段芳,女,15118807964,kongyang@example.net,数据分析师,数据科学部,2025-02-11,否
ae6279ca,温玉珍,女,13059391853,cgao@example.com,质量控制专员,质量保证部,2025-03-21,否
f2a0dcb6,许静,女,13227195406,weilu@example.com,研究员,质量保证部,2025-03-20,否
54203d0f,李鹏,女,18671537842,zhongming@example.com,实验室技术员,数据科学部,2024-12-31,否
62be0dc1,丁建平,女,15654407896,stan@example.net,项目经理,研发部,2025-03-12,否
5103e253,萧亮,男,13310072040,tao11@example.org,实验室技术员,研发部,2024-08-11,否
91312763,蒋云,女,15678041048,eren@example.org,质量控制专员,质量保证部,2024-11-02,否
0b14b689,滕建国,女,18224470498,ftang@example.org,实验室技术员,临床研究部,2025-02-14,否
36694086,胡丹丹,女,14503325704,jun07@example.org,实验室技术员,质量保证部,2024-06-14,否
a3466706,潘秀华,男,15649030438,tanqiang@example.net,项目经理,数据科学部,2024-11-29,否
3bb6bb15,刘瑞,女,15270481130,weiping@example.com,项目经理,质量保证部,2024-07-24,否
a4dcd9ce,李燕,女,18956518127,xiuying17@example.org,实验室技术员,数据科学部,2024-05-03,否
19c0ba39,刘桂芳,男,15132567405,nagao@example.com,实验室技术员,质量保证部,2024-05-29,否
0c499ca3,张斌,男,15354111902,qianchao@example.com,质量控制专员,研发部,2024-06-02,否
9511dd07,萧文,男,13505221442,psong@example.org,研究员,研发部,2025-01-24,否
00355468,白燕,男,15625611615,lei26@example.net,项目经理,临床研究部,2024-05-27,否
832d56df,龚玉英,男,15737582682,fang81@example.com,研究员,临床研究部,2025-03-03,否
6ba5b379,柏博,男,13332358593,wei03@example.net,实验室技术员,质量保证部,2025-01-20,否
86b807be,常兵,女,13080507507,xueyong@example.net,研究员,质量保证部,2025-02-20,否
d167724c,黄英,女,18925247777,li49@example.com,研究员,研发部,2024-07-31,否
5ad68e15,王琳,女,15200606988,naliu@example.net,研究员,研发部,2024-10-01,否
329839ca,黄云,女,13337793854,lcao@example.org,质量控制专员,数据科学部,2024-06-16,否
6ad205d0,葛霞,男,13472545396,duping@example.org,质量控制专员,质量保证部,2024-11-21,否
6752b6c1,李娟,男,18707926251,mlin@example.org,研究员,研发部,2025-01-01,否
41d95bb3,刘柳,男,13539439884,jie78@example.net,实验室技术员,临床研究部,2024-09-03,否
53582315,周瑜,女,13249645495,qiang81@example.org,数据分析师,数据科学部,2024-10-07,否
45ae2dae,任金凤,女,18542718322,chao23@example.net,研究员,数据科学部,2025-04-14,否
e48d0340,覃建华,女,18861764040,na55@example.org,项目经理,临床研究部,2024-05-25,否
3bfa2ab4,刘浩,男,13705022892,taoyang@example.com,数据分析师,研发部,2024-12-30,否
c02c1204,宋兵,男,13382767742,xiuyinghuang@example.com,研究员,质量保证部,2025-01-06,否
c1d1baeb,欧娜,女,15373278396,gangmeng@example.org,项目经理,质量保证部,2024-05-11,否
d3b898a0,吴小红,男,18721434869,nmao@example.com,研究员,临床研究部,2024-05-20,否
6e0ecdf7,马龙,男,13452089831,bjiang@example.net,项目经理,质量保证部,2025-02-16,否
02b3a4c4,王利,女,15337731297,leidong@example.net,质量控制专员,研发部,2024-08-17,否
d134648b,王晨,男,15675908268,baixiuying@example.org,实验室技术员,临床研究部,2024-10-15,否
189e3949,王荣,女,13621894523,xiulan60@example.org,数据分析师,研发部,2024-07-20,否
8df1459b,秦丽华,男,15817579032,chaoxiao@example.net,数据分析师,研发部,2024-11-09,否
80e1062b,覃红,男,13675024130,songwei@example.net,数据分析师,研发部,2024-11-11,否
dcbf084a,萧桂芝,男,15758509591,min04@example.net,质量控制专员,临床研究部,2025-02-23,否
e333ef53,张艳,女,15969462728,gmao@example.net,研究员,数据科学部,2025-03-25,否
3e82aeab,汪亮,男,13543845046,guiyingtian@example.com,质量控制专员,临床研究部,2024-07-30,否
d8ff9c1e,凌杨,女,18094166740,rxie@example.net,质量控制专员,数据科学部,2024-12-27,否
0a9dd141,郑畅,女,13157491106,psun@example.org,实验室技术员,研发部,2025-04-19,否
6c7fe0e2,蒲璐,女,18793978953,dtang@example.org,研究员,研发部,2025-04-14,否
86dc2728,梁龙,女,18245982437,liqiang@example.org,实验室技术员,研发部,2024-08-11,否
2924e157,曹杨,女,15951875692,lzhu@example.org,质量控制专员,质量保证部,2025-01-28,否
3f72882d,董晨,女,18835712567,ganggu@example.org,研究员,数据科学部,2024-04-27,否
22e132e2,孙璐,女,18095915324,minqiao@example.com,项目经理,临床研究部,2024-05-03,否
cc88500c,常颖,女,18978369030,leiding@example.org,质量控制专员,质量保证部,2025-02-20,否
b5e766b0,杨坤,女,13898568499,bsong@example.net,实验室技术员,质量保证部,2024-10-25,否
245c7a11,周杰,男,18846143370,liangxiulan@example.org,质量控制专员,数据科学部,2025-01-18,否
95d66aed,国红,男,14768716387,fhe@example.com,研究员,研发部,2025-03-18,否
f14c1a9c,侯强,女,18654586618,lixiang@example.net,实验室技术员,质量保证部,2024-10-25,否
35ed6060,陈小红,男,13053141988,ahao@example.org,项目经理,数据科学部,2025-01-10,否
8627e28e,李瑞,女,13833998215,caiqiang@example.net,研究员,研发部,2025-02-20,否
dfad71d1,赖成,男,15604484567,xding@example.net,数据分析师,质量保证部,2024-08-01,否
ce4258ee,蔡春梅,女,15904568939,duanna@example.net,数据分析师,研发部,2025-02-19,否
69f8757c,黄莹,男,18876576664,cqin@example.net,研究员,临床研究部,2024-09-02,否
f675f06e,胡慧,女,18029645521,dpan@example.com,项目经理,质量保证部,2024-11-21,否
4328847d,何桂花,男,18827544220,rding@example.net,研究员,研发部,2024-11-14,否
6a5d13f8,赵兵,女,14587386400,itao@example.com,质量控制专员,研发部,2024-09-24,否
5119860c,张明,女,15021430318,xiulankang@example.org,项目经理,研发部,2025-02-20,否
4f76b85a,李龙,女,13384065488,min87@example.com,项目经理,质量保证部,2024-09-08,否
7dd66b58,黄秀荣,男,13751436974,qiang83@example.com,质量控制专员,临床研究部,2024-05-22,否
cace052f,古杨,男,15587135566,qkong@example.org,项目经理,临床研究部,2025-02-15,否
345944fb,吕淑兰,男,15641782560,yangxiuying@example.net,数据分析师,数据科学部,2024-11-25,否
13183e73,金雪梅,女,13846947629,nazhong@example.net,项目经理,临床研究部,2024-08-07,否
db8c281f,郭畅,男,15317973679,duchao@example.org,实验室技术员,质量保证部,2024-12-21,否
